prefixes,zh
ᠷ,表示 学院
ᠭ,表示 职业
ᠳᠡ,表示 找到
ᠠᠳ,表示 加入
ᠭ,表示 充溢
ᠰᠠᠷ,表示 不停
ᠠᠭ,表示 十分
ᠠᠨᠢ,表示 连续
ᠲᠥᠷᠦᠳ,表示 可
ᠷ,表示 出生于
ᠳᠤ,表示 状态
ᠲ,表示 引起
ᠠ,表示 能力
ᠷ,表示 也
ᠳ,表示 一起
ᠲ,表示 尝试
ᠰᠠ,表示 为了
ᠢ,表示 范围
ᠡᠳᠡᠰ,表示 情况
ᠦ,表示 重复
ᠷ,表示 时间
ᠦᠭ,表示 富有
ᠬ,表示 连续
ᠠᠳᠤ,表示 具备
ᠡᠳᠡᠯ,表示 爱
ᠠᠲᠠ,表示 非常
ᠡ,表示 我
ᠦ,表示 形状
ᠠ,表示 感觉
ᠡ,表示 常常
ᠪᠤᠷ,表示 周围
ᠤ,表示 所属
ᠤ,表示 可
ᠤᠷᠠ,表示 行家
ᠳᠡ,表示 来自
ᠴᠠ,表示 每一
ᠷ,表示 家庭
ᠢ,表示 运用
ᠷᠴ,表示 地区
ᠤᠯ,表示 一样
ᠠᠭᠡ,表示 频繁
ᠢᠶ,表示 有很多的
ᠲ,表示 描述
ᠷᠦ,表示 地区
ᠭᠤ,表示 活动
ᠷᠳᠦ,表示 场所
ᠠ,表示 行家
ᠬᠤ,表示 特定种类的
ᠣᠲ,表示 发现
ᠡᠮᠦ,表示 展现
ᠢ,表示 所属
ᠡᠯᠲᠡᠮᠪ,表示 地区
ᠬ,表示 性格
ᠷ,表示 器具
ᠦ,表示 食物
ᠤ,表示 关心
ᠠᠨ,表示 相对于
ᠢᠴ,表示 连续
ᠤᠷᠤ,表示 能够
ᠷᠠᠭ᠎ᠠᠨ,表示 将来
ᠨ,表示 外观
ᠲᠡᠰᠢ,表示 外观
ᠡ,表示 学院
ᠪ,表示 我
ᠲᠡᠷ,表示 每一
ᠵᠠᠭ,表示 获得
ᠠ,表示 以便
ᠠ,表示 关系
ᠶᠡᠳ,表示 学校
ᠡ,表示 具有特定特征的
ᠡᠷ,表示 做
ᠨᠠ,表示 十分
ᠳᠡᠭ,表示 类似于
ᠳ,表示 掌握
ᠠ,表示 重复
ᠠᠷ,表示 我
ᠭᠤ,表示 活动
ᠶᠠ,表示 多个
ᠷᠦ,表示 可能
ᠢᠳᠤᠷ,表示 居民
ᠳ,表示 反复
ᠡᠮᠦ,表示 在一起
ᠪᠠᠷᠠᠰ,表示 计划
ᠢᠷ,表示 产生
ᠡ,表示 动作
ᠠᠯ,表示 使用
ᠤ,表示 某地
ᠨᠢᠶ,表示 饮食
ᠡ,表示 饮食
ᠠᠭ,表示 有可能
ᠠᠷ,表示 非常
ᠦ,表示 颜色
ᠶᠡᠬᠡ,表示 经常
ᠪᠠᠳᠤ,表示 又
ᠡᠳᠡᠯᠲᠦᠰ,表示 掌握
ᠲᠠ,表示 方法
ᠡᠴᠢᠯ,表示 关联
ᠨᠦ,表示 个性
ᠶᠠ,表示 未来
ᠡᠳᠡ,表示 打算
ᠤ,表示 我的
ᠤ,表示 负责
ᠲ,表示 个性
ᠶᠢ,表示 相同
ᠳ,表示 发展
ᠴ,表示 情况
ᠠᠷᠠᠳᠤ,表示 情感
ᠯ,表示 居住地
ᠡ,表示 所属
ᠷᠤᠯ,表示 和
ᠡ,表示 充溢
ᠴᠢ,表示 家族
ᠲᠠᠬᠠ,表示 运用
ᠡᠷᠦ,表示 表现
ᠴ,表示 再
ᠦᠷ,表示 持有
ᠠ,表示 理解
ᠲ,表示 每个
ᠪᠣᠲ,表示 以便
ᠦᠷ,表示 性质
ᠠᠭᠤᠢ,表示 熟悉
ᠮᠪ,表示 也
ᠬᠢ,表示 所有
ᠴᠡᠷᠡᠭ,表示 充实
ᠦᠨ,表示 性质
ᠷᠢ,表示 谈论
ᠰᠠ,表示 每一
ᠴ,表示 心情
ᠤ,表示 多次
ᠴᠡᠷᠠᠭ,表示 希望
ᠬᠠᠨᠢ,表示 发现
ᠡᠰᠢ,表示 许多
ᠡ,表示 工作
ᠪᠤ,表示 我
ᠡᠷᠡ,表示 学习
ᠤ,表示 强烈
ᠠᠭᠤᠲ,表示 可能
ᠠᠭ,表示 已经
ᠶᠡᠳ,表示 能力
ᠰᠡᠯᠡ,表示 子女
ᠷ,表示 远离
ᠭ,表示 发展
ᠳᠡ,表示 位置
ᠮᠠᠳ,表示 习惯于
ᠴᠠᠭ,表示 快速
ᠰᠠᠷ,表示 经历
ᠪᠠᠭ,表示 样子
ᠠᠨᠢ,表示 领域
ᠲᠥᠷᠦᠳ,表示 聚会
ᠷ,表示 将来
ᠡᠳᠤ,表示 时间
ᠲ,表示 目的地
ᠠᠷ,表示 每个
ᠴᠢᠷ,表示 十分
ᠳ,表示 精通
ᠪᠠᠲ,表示 集合
ᠰᠠ,表示 可以
ᠨᠢᠶ᠎ᠡ,表示 十分
ᠴᠡᠳᠡᠰ,表示 方向
ᠦᠷ,表示 参与
ᠷ,表示 场所
ᠦᠭ,表示 每一
ᠬ,表示 我的
ᠠᠳᠤ,表示 描述
ᠡᠳᠡᠯᠲᠦ,表示 行动
ᠨᠠᠲᠠ,表示 以便
ᠡ,表示 可能的
ᠦᠷ,表示 自己
ᠡᠶᠠ,表示 思考
ᠳᠡ,表示 愿望
ᠦᠪᠤᠷ,表示 像
ᠤᠨ,表示 周围
ᠤ,表示 使用
ᠤᠷᠠᠶᠢ,表示 子女
ᠡᠳᠡᠢ,表示 无法
ᠴᠠ,表示 相似
ᠷᠠ,表示 相同的
ᠢᠪᠢᠯ,表示 爱
ᠷᠴᠢ,表示 性别
ᠤᠯ,表示 阐述
ᠠᠭᠡ,表示 语言
ᠴᠢᠶᠤ,表示 再
ᠲ,表示 一点点
ᠡᠷᠦᠰ,表示 情感
ᠡᠴᠠᠭᠤ,表示 数量
ᠦᠷᠳᠦ,表示 具有
ᠠᠷᠠᠲ,表示 喜欢
ᠬᠤ,表示 负责
ᠪᠣᠲ,表示 为了
ᠡᠮᠦ,表示 因为
ᠢ,表示 不停
ᠡᠯᠲᠡᠮᠪᠢ,表示 几个
ᠬ,表示 亲自
ᠷᠡ,表示 可以
ᠦ,表示 方法
ᠤ,表示 工作
ᠰᠠᠨ,表示 追求
ᠢᠴ,表示 的
ᠤᠷᠤ,表示 富有
ᠷᠠᠭ᠎ᠠᠨ,表示 关心
ᠨ,表示 传说
ᠲᠡᠰᠢ,表示 特定种类的
ᠡᠷᠤ,表示 产生
ᠪᠤ,表示 拥有的
ᠲᠡᠷ,表示 故事
ᠵᠠᠭ,表示 类似
ᠠ,表示 情况
ᠠ,表示 自己
ᠶᠡᠳ,表示 试图
ᠡᠯ,表示 丰富
ᠭᠡᠷ,表示 与 或 共同
ᠨᠠᠭ,表示否定
ᠳᠡᠭ,表示动作进行中
ᠮᠠᠳᠠ,表示 地方
ᠴᠠᠭᠤᠳ,表示 行动 或 活动
ᠰᠠᠷᠠᠭ,表示 多 或 多次
ᠪᠠᠭᠤ,表示 动物
ᠶᠠᠨᠢ,表示 年 或 时间段
ᠲᠥᠷᠦᠳ,表示 地方 或 场所
ᠰᠢᠳᠤᠷ,表示 地方 或 区域
ᠡᠳᠤᠯ,表示 人 或 人群
ᠲᠡᠮᠦ,表示 时刻 或 时间
ᠪᠠᠷᠠᠰ,表示 重复 或 再次
ᠴᠢᠷ,表示 朋友 或 伙伴
ᠬᠡᠳᠡ,表示 做 或 进行
ᠪᠠᠲᠠᠯ,表示 军队 或 部队
ᠰᠠᠷᠤ,表示 头部 或 首领
ᠨᠢᠶ᠎ᠡᠺᠦ,表示 语言 或 言语
ᠴᠡᠳᠡᠰ,表示 读 或 学习
ᠬᠦᠷᠠᠭ,表示 活跃 或 有生气
ᠠᠷᠠ,表示 新 或 刚开始的
ᠦᠭᠦᠷ,表示 快速 或 突然
ᠡᠶᠡᠬᠡ,表示 各种 或 不同的
ᠪᠠᠳᠤᠯ,表示 远离 或 超越
ᠡᠳᠡᠯᠲᠦᠰ,表示 思考 或 思索
ᠨᠠᠲᠠ,表示 物品 或 东西
ᠡᠴᠢᠯ,表示 家庭 或 家人
ᠦᠨᠦᠷ,表示 可爱 或 令人喜欢
ᠡᠶᠠᠷᠤ,表示 自然界 或 大自然
ᠡᠳᠡᠯ,表示 动作 或 行为
ᠦᠪᠤᠷ,表示 兄弟 或 姐妹
ᠬᠤᠨ,表示 颜色 或 外观
ᠲᠤᠮ,表示 方法 或 方式
ᠤᠷᠠᠶᠢ,表示 船只 或 航行
ᠡᠳᠡᠢ,表示 梦想 或 幻想
ᠴᠠᠴᠤ,表示 病 或 疾病
ᠠᠷᠠᠳᠤ,表示 徘徊 或 漫游
ᠢᠪᠢᠯ,表示 身体部分 或 组成部分
ᠴᠡᠷᠴᠢ,表示 解释 或 说明
ᠡᠷᠤᠯ,表示 故事 或 传说
ᠡᠪᠠᠭᠡ,表示 地方 或 位置
ᠴᠢᠶᠤ,表示 世界 或 宇宙
ᠲᠠᠬᠠ,表示 亲戚 或 家族
ᠡᠷᠦᠰ,表示 告诉 或 通知
ᠡᠴᠠᠭᠤ,表示 魔法 或 神秘
ᠦᠷᠳᠦ,表示 地点 或 位置
ᠠᠷᠠᠲ,表示 历史 或 古代
ᠬᠤᠲ,表示 声音 或 噪音
ᠪᠣᠲᠣ,表示 热 或 炎热
ᠡᠮᠦᠷ,表示 气味 或 香气
ᠪᠠᠭᠤᠢ,表示 植物
ᠴᠡᠯᠲᠡᠮᠪᠢᠲ,表示 知识 或 学问
ᠬᠢ,表示 多 或 多种
ᠴᠡᠷᠡᠭ,表示 小 或 年轻
ᠦᠨ,表示 尝试 或 试图
ᠳᠤᠷᠢᠷ,表示 任务 或 责任
ᠰᠠᠨᠤ,表示 声音 或 音乐
ᠢᠢᠴ,表示 敬意 或 尊敬
ᠳᠤᠷᠤᠳ,表示 成就 或 成功
ᠴᠡᠷᠠᠭ᠎ᠠᠨ,表示 位置 或 地点
ᠬᠠᠨᠢ,表示 很多 或 多种
ᠲᠡᠰᠢ,表示 位置 或 方向
ᠡᠷᠤ,表示 时间 或 时期
ᠴᠠᠪᠤ,表示 颜色
ᠲᠡᠷᠡ,表示 目的 或 方向
ᠵᠠᠭᠤ,表示 运动 或 行为
ᠴᠠᠭᠤᠲᠤ,表示 声音 或 响声
ᠪᠠᠭᠠᠰᠤ,表示 动物
ᠶᠡᠳ,表示 时间 或 时期
ᠰᠡᠯᠡ,表示 状态 或 属性