roots,zh
ᠬᠡᠴᠡ（khüü）,大
ᠲᠤᠨᠳ（tund）,时期
ᠠᠷᠠᠯ（aral）,湖
ᠤᠨᠠᠷ（unaar）,红色
ᠬᠣᠶᠢᠨ (khoyin),丰富
ᠰᠡᠷᠭᠡᠨ (sergen),新
ᠤᠤᠨ (uun),水
ᠤᠷᠢᠳ (urid),远
ᠴᠢᠮ (chim),月亮
ᠦᠷᠦᠯ (yerul),绿
ᠦᠭᠡᠯ (ugeil),快乐
ᠡᠳᠡᠯ (edel),名字
ᠥᠪᠡᠢ (obei),老
ᠨᠡᠷᠤᠨ (nerun),多
ᠬᠡᠮᠦ (khemu),冷
ᠳᠡᠶᠢᠢ (deyei),古老
ᠦᠰᠦᠰ (yesus),白色
ᠠᠳᠤᠮ (adum),黑色
ᠲᠥᠷᠦᠲ (turut),晚
ᠤᠨᠰᠢᠢ (unsi),暗
ᠡᠷᠦᠭᠡᠯ (erugel),悲伤
ᠤᠯᠤᠯ (ulul),骨头
ᠨᠡᠷᠦᠲ (nerut),硬
ᠨᠡᠷᠦᠯ (nerul),柔软
ᠰᠦᠲᠦᠷ (sutur),甜
ᠦᠨᠢᠢ (unei),苦
ᠴᠢᠨᠲᠡᠢ (chintei),冷静
ᠨᠡᠳᠡᠯ (nedel),夜晚
ᠡᠪᠡᠳᠡᠯ (ebedel),星星
ᠰᠠᠭᠠᠯ (sagal),朋友
ᠬᠡᠲᠡᠯ (khutel),高兴
ᠬᠢᠨᠡᠷ (khiner),美味
ᠪᠣᠶᠣ (boyoo),阳光
ᠡᠳᠤᠰ (edus),尊敬
ᠤᠨᠦᠨ (unun),雨
ᠲᠥᠷᠦᠭ (turug),迟到
ᠡᠷᠦᠲ (erut),早
ᠡᠶᠢᠳᠤᠨ (eyidun),一半
ᠤᠨᠡᠷᠦᠲ (unerut),潮湿
ᠴᠡᠳᠡᠯ (chedel),笑
ᠡᠶᠡᠳ (eyed),一样
ᠥᠪᠡᠲ (obet),开心
ᠡᠷᠡᠪᠡᠳ (erebed),欢迎
ᠨᠠᠢᠳᠤᠨ (naidun),好
ᠬᠡᠯᠢᠶ (kheliy),快
ᠡᠽᠡᠶ (eyey),高兴
ᠰᠢᠢᠳ (siid),亮
ᠨᠡᠷᠡᠳ (nered),困难
ᠲᠦᠴᠦᠳ (tuchud),丑陋
ᠤᠨᠡᠳᠦᠳ (unedud),混乱
ᠴᠡᠢᠴᠢᠶ (cheichey),清晰
ᠲᠡᠴᠡᠴᠡᠨ (techetchen),复杂
ᠤᠨᠤᠯᠢ (unuli),重要
ᠬᠡᠳᠦᠲ (khedut),美丽
ᠤᠨᠡᠳ (uned),大声
ᠲᠡᠷᠡᠨᠢ (tereni),快速
ᠬᠡᠷᠢᠶ (kheriy),冷静
ᠡᠦᠯᠢ (eyuli),可爱
ᠠᠷᠠᠳ (arad),湖泊
ᠥᠪᠡᠲᠦᠭ (obetug),有趣
ᠦᠰᠦᠷᠢ (yesuri),幸福
ᠠᠦᠪᠡᠷ (auber),自由
ᠲᠤᠭᠤᠯ (tugul),力量
ᠪᠠᠷᠢᠴᠤᠨ (barichun),美丽的
ᠥᠪᠡᠷᠡᠳ (obered),欢乐
ᠡᠴᠡᠯᠢ (echelee),重
ᠡᠷᠦᠪᠡ (erub),远足
ᠥᠦᠯᠲᠡᠢ (oulti),骄傲
ᠥᠦᠭᠦᠨ (ougun),可怕
ᠲᠥᠭᠥᠳ (tugud),愚蠢
ᠲᠡᠢᠦᠲ (teiut),甜美
ᠡᠯᠡᠲᠤᠨ (elten),颜色
ᠬᠢᠴᠡᠯ (khichel),冷
ᠳᠡᠭᠡᠲ (degat),变化
ᠡᠢᠳᠡᠯ (eidol),美
ᠤᠪᠡᠷᠡ (ober),悲伤
ᠦᠦᠲᠦᠳ (uutud),快速
ᠦᠦᠭᠦᠨ (uugun),可笑
ᠥᠦᠳᠦᠴ (ouduch),害怕
ᠲᠡᠶᠢᠯ (teyil),温暖
ᠡᠦᠴᠡᠶ (eyuchey),清新
ᠡᠦᠳᠤᠨ (eydun),可怕
ᠬᠡᠯᠢᠶ (kheliy),快
ᠠᠪᠠᠲ (abat),平静
ᠡᠦᠷᠢᠲ (eyurit),疲倦
ᠡᠮᠡᠷ (emel),甜
ᠦᠴᠡᠨ (uchen),黑
ᠠᠪᠡᠷᠢ (aberi),哭
ᠡᠪᠦᠯ (ebul),爱
ᠦᠦᠷᠡᠶ (uurley),愉快
ᠤᠤᠷᠤᠯ (uurul),轻松
ᠤᠨᠡᠳᠦᠳ (unedud),混乱
ᠬᠡᠮᠢ (khemi),冷
ᠢᠴᠢᠶ (ichiy),勇敢
ᠡᠴᠡᠭᠡᠯ (echegel),好奇
ᠤᠤᠳᠦᠯ (uudul),重要
ᠢᠴᠡᠲ (ichet),无聊
ᠡᠦᠴᠡᠯ (eyuchel),清新
ᠡᠦᠭᠡᠳ (eyugad),高兴
ᠡᠢᠴᠢ (eichi),勇敢
ᠡᠷᠦᠢ (erui),白
ᠳᠦᠯᠡᠭ (dulig),宽阔
ᠥᠦᠷᠡᠢ (oure),丰富
ᠢᠷᠠᠷ (irar),鸟
ᠢᠷᠢᠵᠢ (ichizi),尊敬
ᠢᠶᠡᠷ (iyer),情感
ᠳᠠᠢᠭ (daig),气味
ᠡᠬᠡᠬᠡᠢ (ekhekei),贪婪
ᠢᠲᠠᠢᠲ (itait),争论
ᠬᠡᠴᠡᠢ (khuchei),希望
ᠡᠷᠡᠢᠳ (ered),亮
ᠡᠦᠰᠦᠲ (eyusut),舒适
ᠤᠯᠤᠷ (ulur),冷静
ᠤᠦᠯᠢ (uuli),松散
ᠬᠡᠷᠦᠳ (kherud),美好
ᠬᠡᠷᠡᠳ (khered),静寂
ᠡᠪᠡᠳᠦᠳ (ebedud),温和
ᠥᠪᠡᠬᠡᠢ (obekhei),愤怒
ᠢᠷᠢᠬᠡ (irike),年轻
ᠬᠡᠬᠡᠢ (khekei),尊敬
ᠡᠦᠪᠡ (euber),平静
ᠥᠦᠷᠡ (oure),自豪
ᠥᠦᠶᠡᠷ (ouyer),烦恼
ᠬᠦᠢᠯ (khuil),虚弱
ᠠᠴᠡᠷ (acher),幸福
ᠡᠦᠲᠡᠭ (eyuteg),干净
ᠢᠦᠲᠡᠲ (iutet),透明
ᠢᠷᠡᠳ (ired),可爱
ᠡᠷᠢᠭ (erig),伟大
ᠡᠬᠢᠲᠡᠨ (ekhiten),思考
ᠡᠷᠦᠢ (erui),绿色
ᠬᠡᠯᠢ (kheli),天
ᠠᠷᠠᠲᠡᠳ (arated),湖泊
ᠥᠦᠷᠡᠬᠡ (oureke),生气
ᠤᠮᠤᠲ (umut),平静
ᠡᠴᠡᠳᠡ (echede),纯洁
ᠥᠢᠶᠡᠷ (oiyer),美丽
ᠡᠬᠦᠳ (ekhut),困难
ᠢᠷᠡᠴᠡ (ireche),笑
ᠤᠲᠡᠲ (uteit),勇敢
ᠡᠦᠲᠡᠬ (eyutek),沉默
ᠡᠷᠡᠬᠡ (ereche),活泼
ᠠᠷᠡᠴᠡ (areche),智慧
ᠥᠡᠷᠡᠲ (oeret),清新
ᠡᠬᠡᠴᠡ (ekheche),珍贵
ᠢᠬᠢᠨ (ikhin),有趣
ᠡᠮᠦᠭ (emug),活泼
ᠡᠪᠡᠲᠡ (ebat),悲伤
ᠡᠢᠷᠡ (eire),热
ᠡᠮᠡᠲ (emat),有趣
ᠡᠪᠠᠷᠡ (ebare),宽容
ᠡᠭᠡᠨ (egen),安静
ᠥᠦᠭᠡᠲ (ouget),高兴
ᠤᠪᠠᠴᠡ (ubache),友好
ᠡᠬᠦᠯ (ekhul),快乐
ᠤᠬᠤᠭ (ukug),宽容
ᠤᠦᠷᠡ (oure),快乐
ᠡᠶᠡᠶ (eyei),沮丧
ᠥᠤᠷᠡ (oure),活泼
ᠥᠪᠡᠷ (ouber),喜悦
ᠡᠪᠡᠬᠦᠳ (ebekhud),乐观
ᠡᠪᠡᠲ (ebet),清新
ᠤᠪᠡᠳᠡᠬ (oubedekh),愤怒
ᠡᠴᠡᠯ (echel),深情
ᠡᠪᠡᠷᠦᠲ (ebekhut),兴奋
ᠢᠪᠢᠳ (ibid),舒适
ᠠᠭᠤᠲ (agut),善良
ᠡᠳᠡᠯ (edel),渴望
ᠢᠯᠢᠲ (ilit),爱情
ᠢᠶᠢᠳ (iyid),感激
ᠡᠪᠡᠬᠡ (ebeke),陶醉
ᠡᠢᠶᠡ (eiye),柔软
ᠢᠷᠢᠷ (irir),恶心
ᠤᠦᠷᠡᠨ (ouren),欣赏
ᠠᠦᠷᠡᠬᠡ (aurekhe),高兴
ᠡᠶᠢᠶ (eyiy),满足
ᠥᠪᠡᠷ (oubere),宽容
ᠠᠦᠰᠦᠳ (ausud),微笑
ᠢᠬᠡᠲ (ikhet),怀念
ᠥᠢᠶᠦᠷ (oiyur),悲伤
ᠠᠷᠡᠶᠡᠢ (areyei),赞美
ᠢᠶᠢᠳᠡᠷ (iyider),赞同
ᠢᠶᠠᠢᠲ (iyaite),坚持
ᠡᠬᠡᠬᠦᠳ (ekhekhud),深思熟虑
ᠡᠴᠡᠲᠦᠳ (echetud),冷漠
ᠡᠳᠡᠪ (edeb),渴望
ᠡᠦᠴᠡᠯ (eyuchel),思考
ᠢᠢᠦᠴ (iiuch),慷慨
ᠤᠷᠠᠨ (uran),恩惠
ᠡᠢᠳᠤᠨ (eidun),祝愿
ᠢᠷᠦᠯ (irul),独立
ᠡᠬᠡᠬᠡᠢ (ekhekei),珍贵
ᠢᠷᠢᠬᠡ (irike),光明
ᠢᠷᠡᠴᠡ (ireche),活力
ᠤᠷᠡᠲᠡᠭ (ureteg),满足
ᠡᠬᠦᠲ (ekhut),坚强
ᠡᠢᠶᠡᠳ (eiyed),羡慕
ᠡᠷᠡᠲᠡᠨ (eraten),尊敬
ᠢᠶᠠᠡᠯ (iyaal),纯粹
ᠢᠶᠠᠦᠷ (iyaur),诚实
ᠡᠬᠡᠨ (ekhen),清醒
ᠠᠷᠡᠷᠡ (arere),和平
ᠢᠷᠡᠷᠡ (irere),礼貌
ᠡᠶᠠᠲ (eyat),热情
ᠢᠢᠡᠴ (iiech),怜悯
ᠡᠳᠦᠷ (edur),智慧
ᠤᠦᠴᠡᠯ (ouchel),清爽
ᠡᠳᠡᠬᠡ (edeke),温柔
ᠤᠷᠡᠪ (ureb),理解
ᠠᠷᠠᠶᠡᠷ (arayir),感激
ᠤᠷᠡᠲᠡᠢ (uretei),积极
ᠢᠲᠦᠲ (itut),关怀
ᠠᠷᠠᠢᠳ (araid),自由
ᠡᠦᠷᠡᠮ (eurum),忧虑
ᠡᠲᠡᠭ (eteg),信任
ᠢᠷᠦᠴ (iruch),崇敬
ᠢᠲᠡᠭ (iteg),愉快
ᠠᠲᠡᠶᠢ (ateyi),尊崇
ᠡᠷᠡᠶᠡᠢ (ereyei),骄傲
ᠠᠷᠡᠬᠡ (arekhe),喜爱
ᠢᠢᠦᠲ (iiut),喜欢
ᠤᠦᠦᠨ (ouun),平静
ᠡᠴᠦᠳ (echud),急切
ᠤᠯᠦᠷ (olur),丰富
ᠡᠳᠡᠪᠡ (edebi),理智
ᠡᠬᠡᠬᠡᠢ (ekhekei),高贵
ᠠᠷᠡᠪᠡ (arebi),富有
ᠠᠷᠡᠶᠡᠢ (areyei),喜好
ᠡᠴᠡᠷᠡ (echere),聪明
ᠡᠶᠡᠬᠡ (eyekhe),充实
ᠡᠶᠠᠳ (eyad),害怕
ᠡᠶᠡᠭᠡ (eyege),平和
ᠠᠷᠠᠯ (aral),丰富
ᠡᠴᠦᠨ (echun),勇敢
ᠠᠷᠦᠦᠦ (aruu),危险
ᠠᠷᠡᠨ (aren),甜美
ᠡᠳᠦᠳ (edud),生气
ᠢᠢᠢᠲ (iiit),欣喜
ᠡᠢᠷᠡᠲ (eiret),焦虑
ᠡᠬᠡᠪ (ekheb),善良
ᠡᠳᠦᠳᠡᠢ (edudei),舒适
ᠢᠷᠦᠲᠡ (irut),诚挚
ᠡᠶᠢᠶᠡᠢ (eyiyei),平静
ᠠᠷᠡᠢᠬ (areikh),感恩
ᠡᠳᠡᠬ (edeke),柔和
ᠡᠴᠡᠳ (echad),坚定
ᠢᠢᠡᠦᠴ (iiuch),热情
ᠡᠶᠡᠢ (eyei),幸福
ᠡᠳᠡᠢᠲ (edeite),富足
ᠤᠷᠦᠲ (urut),痛苦
ᠡᠶᠡᠴ (eyech),谨慎
ᠡᠳᠡᠭᠡ (edege),富饶
ᠡᠳᠦᠲᠦᠳ (edutud),急躁
ᠠᠷᠠᠦᠬ (araugh),和谐
ᠡᠷᠡᠮ (erum),迷茫
ᠠᠷᠠᠢᠴ (areich),感受
ᠡᠬᠡᠴᠡᠢ (ekhekei),赞美
ᠠᠷᠡᠳᠡ (arede),清洁
ᠡᠷᠦᠦ (eruu),喜庆
ᠠᠷᠡᠲᠡᠢ (aretei),迷人
ᠡᠴᠡᠯ (echel),真诚
ᠠᠷᠠᠯ (aral),明亮
ᠡᠷᠡᠲᠡᠢ (eretei),舒心
ᠡᠳᠡᠦᠳ (edeud),抱歉
ᠠᠷᠠᠷᠡᠢ (ararei),宽容
ᠡᠢᠶᠡᠢ (eiyei),欢乐
ᠡᠴᠡᠢ (echei),友好
ᠠᠷᠡᠯ (arel),活泼
ᠡᠴᠡᠬ (ekhekh),感觉
ᠡᠳᠡᠶᠡᠢ (edeyei),享受
ᠡᠴᠦᠤᠨ (echuun),诚恳
ᠡᠷᠡᠨ (eren),舒适
ᠡᠷᠡᠨ (eren),秀丽
ᠠᠷᠡᠴᠡ (areche),轻松
ᠡᠶᠡᠢᠦᠳ (eyeiut),宽阔
ᠡᠲᠡᠬᠡ (etekhe),宽容
ᠡᠢᠢᠦᠦ (eiitu),满意
ᠡᠴᠡᠶᠡᠢ (echeiyei),快乐
ᠢᠢᠡᠦᠳ (iiut),轻快
ᠠᠷᠡᠲᠦᠦᠳ (aretuud),惊奇
ᠡᠴᠡᠶᠦᠳ (echeiud),敬意
ᠡᠳᠡᠨ (eden),满足
ᠡᠳᠡᠨ (eden),寻找
ᠡᠳᠡᠨ (eden),聚集
ᠡᠴᠡᠳᠡ (echede),爱惜
ᠡᠲᠡᠮ (etem),明亮
ᠡᠢᠡᠳ (eiid),关心
ᠡᠷᠡᠴ (erech),抚慰
ᠢᠢᠡᠬ (iiike),独立
ᠡᠴᠡᠲ (echet),光明
ᠡᠢᠶᠡᠦᠳ (eiyeiut),惊喜
ᠠᠷᠡᠶ (arey),冷静
ᠠᠷᠡᠬ (arekh),滋润
ᠡᠴᠦᠴᠡ (echuch),激动
ᠠᠷᠦᠢ (arui),稳定
ᠡᠦᠳ (eud),强壮
ᠥᠪᠡᠬᠡᠢ (obekhei),愤怒
ᠢᠷᠢᠬᠡ (irike),年轻
ᠬᠡᠬᠡᠢ (khekei),尊敬
ᠡᠦᠪᠡ (euber),平静
ᠥᠦᠷᠡ (oure),自豪
ᠥᠦᠶᠡᠷ (ouyer),烦恼
ᠬᠦᠢᠯ (khuil),虚弱
ᠠᠴᠡᠷ (acher),幸福
ᠡᠦᠲᠡᠭ (eyuteg),干净
ᠢᠦᠲᠡᠲ (iutet),透明
ᠢᠷᠡᠳ (ired),可爱
ᠡᠷᠢᠭ (erig),伟大
ᠡᠬᠢᠲᠡᠨ (ekhiten),思考
ᠡᠷᠦᠢ (erui),绿色
ᠬᠡᠯᠢ (kheli),天
ᠠᠷᠠᠲᠡᠳ (arated),湖泊
ᠥᠦᠷᠡᠬᠡ (oureke),生气
ᠤᠮᠤᠲ (umut),平静
ᠡᠴᠡᠳᠡ (echede),纯洁
ᠥᠢᠶᠡᠷ (oiyer),美丽
ᠡᠬᠦᠳ (ekhut),困难
ᠢᠷᠡᠴᠡ (ireche),笑
ᠤᠲᠡᠲ (uteit),勇敢
ᠡᠦᠲᠡᠬ (eyutek),沉默
ᠡᠷᠡᠬᠡ (ereche),活泼
ᠠᠷᠡᠴᠡ (areche),智慧
ᠥᠡᠷᠡᠲ (oeret),清新
ᠡᠬᠡᠴᠡ (ekheche),珍贵
ᠢᠬᠢᠨ (ikhin),有趣
ᠡᠮᠦᠭ (emug),活泼
ᠡᠪᠡᠲᠡ (ebat),悲伤
ᠡᠢᠷᠡ (eire),热
ᠡᠮᠡᠲ (emat),有趣
ᠡᠪᠠᠷᠡ (ebare),宽容
ᠡᠭᠡᠨ (egen),安静
ᠥᠦᠭᠡᠲ (ouget),高兴
ᠤᠪᠠᠴᠡ (ubache),友好
ᠡᠬᠦᠯ (ekhul),快乐
ᠤᠬᠤᠭ (ukug),宽容
ᠤᠦᠷᠡ (oure),快乐
ᠡᠶᠡᠶ (eyei),沮丧
ᠥᠤᠷᠡ (oure),活泼
ᠥᠪᠡᠷ (ouber),喜悦
ᠡᠪᠡᠬᠦᠳ (ebekhud),乐观
ᠡᠪᠡᠲ (ebet),清新
ᠤᠪᠡᠳᠡᠬ (oubedekh),愤怒
ᠡᠴᠡᠯ (echel),深情
ᠡᠪᠡᠷᠦᠲ (ebekhut),兴奋
ᠢᠪᠢᠳ (ibid),舒适
ᠠᠭᠤᠲ (agut),善良
ᠡᠳᠡᠯ (edel),渴望
ᠢᠯᠢᠲ (ilit),爱情
ᠢᠶᠢᠳ (iyid),感激
ᠡᠪᠡᠬᠡ (ebeke),陶醉
ᠡᠢᠶᠡ (eiye),柔软
ᠢᠷᠢᠷ (irir),恶心
ᠤᠦᠷᠡᠨ (ouren),欣赏
ᠠᠦᠷᠡᠬᠡ (aurekhe),高兴
ᠡᠶᠢᠶ (eyiy),满足
ᠥᠪᠡᠷ (oubere),宽容
ᠠᠦᠰᠦᠳ (ausud),微笑
ᠢᠬᠡᠲ (ikhet),怀念
ᠥᠢᠶᠦᠷ (oiyur),悲伤
ᠠᠷᠡᠶᠡᠢ (areyei),赞美
ᠢᠶᠢᠳᠡᠷ (iyider),赞同
ᠢᠶᠠᠢᠲ (iyaite),坚持
ᠡᠬᠡᠬᠦᠳ (ekhekhud),深思熟虑
ᠡᠴᠡᠲᠦᠳ (echetud),冷漠
ᠡᠳᠡᠪ (edeb),渴望
ᠡᠦᠴᠡᠯ (eyuchel),思考
ᠢᠢᠦᠴ (iiuch),慷慨
ᠤᠷᠠᠨ (uran),恩惠
ᠡᠢᠳᠤᠨ (eidun),祝愿
ᠢᠷᠦᠯ (irul),独立
ᠡᠬᠡᠬᠡᠢ (ekhekei),珍贵
ᠢᠷᠢᠬᠡ (irike),光明
ᠢᠷᠡᠴᠡ (ireche),活力
ᠤᠷᠡᠲᠡᠭ (ureteg),满足
ᠡᠬᠦᠲ (ekhut),坚强
ᠡᠢᠶᠡᠳ (eiyed),羡慕
ᠡᠷᠡᠲᠡᠨ (eraten),尊敬
ᠢᠶᠠᠡᠯ (iyaal),纯粹
ᠢᠶᠠᠦᠷ (iyaur),诚实
ᠡᠬᠡᠨ (ekhen),清醒
ᠠᠷᠡᠷᠡ (arere),和平
ᠢᠷᠡᠷᠡ (irere),礼貌
ᠡᠶᠠᠲ (eyat),热情
ᠢᠢᠡᠴ (iiech),怜悯
ᠡᠳᠦᠷ (edur),智慧
ᠤᠦᠴᠡᠯ (ouchel),清爽
ᠡᠳᠡᠬᠡ (edeke),温柔
ᠤᠷᠡᠪ (ureb),理解
ᠠᠷᠠᠶᠡᠷ (arayir),感激
ᠤᠷᠡᠲᠡᠢ (uretei),积极
ᠢᠲᠦᠲ (itut),关怀
ᠠᠷᠠᠢᠳ (araid),自由
ᠡᠦᠷᠡᠮ (eurum),忧虑
ᠡᠲᠡᠭ (eteg),信任
ᠢᠷᠦᠴ (iruch),崇敬
ᠢᠲᠡᠭ (iteg),愉快
ᠠᠲᠡᠶᠢ (ateyi),尊崇
ᠡᠷᠡᠶᠡᠢ (ereyei),骄傲
ᠠᠷᠡᠬᠡ (arekhe),喜爱
ᠢᠢᠦᠲ (iiut),喜欢
ᠤᠦᠦᠨ (ouun),平静
ᠡᠴᠦᠳ (echud),急切
ᠤᠯᠦᠷ (olur),丰富
ᠡᠳᠡᠪᠡ (edebi),理智
ᠡᠬᠡᠬᠡᠢ (ekhekei),高贵
ᠠᠷᠡᠪᠡ (arebi),富有
ᠠᠷᠡᠶᠡᠢ (areyei),喜好
ᠡᠴᠡᠷᠡ (echere),聪明
ᠡᠶᠡᠬᠡ (eyekhe),充实
ᠡᠶᠠᠳ (eyad),害怕
ᠡᠶᠡᠭᠡ (eyege),平和
ᠠᠷᠠᠯ (aral),丰富
ᠡᠴᠦᠨ (echun),勇敢
ᠠᠷᠦᠦᠦ (aruu),危险
ᠠᠷᠡᠨ (aren),甜美
ᠡᠳᠦᠳ (edud),生气
ᠢᠢᠢᠲ (iiit),欣喜
ᠡᠢᠷᠡᠲ (eiret),焦虑
ᠡᠬᠡᠪ (ekheb),善良
ᠡᠳᠦᠳᠡᠢ (edudei),舒适
ᠢᠷᠦᠲᠡ (irut),诚挚
ᠡᠶᠢᠶᠡᠢ (eyiyei),平静
ᠠᠷᠡᠢᠬ (areikh),感恩
ᠡᠳᠡᠬ (edeke),柔和
ᠡᠴᠡᠳ (echad),坚定
ᠢᠢᠡᠦᠴ (iiuch),热情
ᠡᠶᠡᠢ (eyei),幸福
ᠡᠳᠡᠢᠲ (edeite),富足
ᠤᠷᠦᠲ (urut),痛苦
ᠡᠶᠡᠴ (eyech),谨慎
ᠡᠳᠡᠭᠡ (edege),富饶
ᠡᠳᠦᠲᠦᠳ (edutud),急躁
ᠠᠷᠠᠦᠬ (araugh),和谐
ᠡᠷᠡᠮ (erum),迷茫
ᠠᠷᠠᠢᠴ (areich),感受
ᠡᠬᠡᠴᠡᠢ (ekhekei),赞美
ᠠᠷᠡᠳᠡ (arede),清洁
ᠡᠷᠦᠦ (eruu),喜庆
ᠠᠷᠡᠲᠡᠢ (aretei),迷人
ᠡᠴᠡᠯ (echel),真诚
ᠠᠷᠠᠯ (aral),明亮
ᠡᠷᠡᠲᠡᠢ (eretei),舒心
ᠡᠳᠡᠦᠳ (edeud),抱歉
ᠠᠷᠠᠷᠡᠢ (ararei),宽容
ᠡᠢᠶᠡᠢ (eiyei),欢乐
ᠡᠴᠡᠢ (echei),友好
ᠠᠷᠡᠯ (arel),活泼
ᠡᠴᠡᠬ (ekhekh),感觉
ᠡᠳᠡᠶᠡᠢ (edeyei),享受
ᠡᠴᠦᠤᠨ (echuun),诚恳
ᠡᠷᠡᠨ (eren),舒适
ᠡᠷᠡᠨ (eren),秀丽
ᠠᠷᠡᠴᠡ (areche),轻松
ᠡᠶᠡᠢᠦᠳ (eyeiut),宽阔
ᠡᠲᠡᠬᠡ (etekhe),宽容
ᠡᠢᠢᠦᠦ (eiitu),满意
ᠡᠴᠡᠶᠡᠢ (echeiyei),快乐
ᠢᠢᠡᠦᠳ (iiut),轻快
ᠠᠷᠡᠲᠦᠦᠳ (aretuud),惊奇
ᠲᠤᠨᠳ（tund）,时期
ᠠᠷᠠᠯ（aral）,湖
ᠤᠨᠠᠷ（unaar）,红色
ᠬᠣᠶᠢᠨ (khoyin),丰富
ᠰᠡᠷᠭᠡᠨ (sergen),新
ᠤᠤᠨ (uun),水
ᠤᠷᠢᠳ (urid),远
ᠴᠢᠮ (chim),月亮
ᠦᠷᠦᠯ (yerul),绿
ᠦᠭᠡᠯ (ugeil),快乐
ᠡᠳᠡᠯ (edel),名字
ᠥᠪᠡᠢ (obei),老
ᠨᠡᠷᠤᠨ (nerun),多
ᠬᠡᠮᠦ (khemu),冷
ᠳᠡᠶᠢᠢ (deyei),古老
ᠦᠰᠦᠰ (yesus),白色
ᠠᠳᠤᠮ (adum),黑色
ᠲᠥᠷᠦᠲ (turut),晚
ᠤᠨᠰᠢᠢ (unsi),暗
ᠡᠷᠦᠭᠡᠯ (erugel),悲伤
ᠤᠯᠤᠯ (ulul),骨头
ᠨᠡᠷᠦᠲ (nerut),硬
ᠨᠡᠷᠦᠯ (nerul),柔软
ᠰᠦᠲᠦᠷ (sutur),甜
ᠦᠨᠢᠢ (unei),苦
ᠴᠢᠨᠲᠡᠢ (chintei),冷静
ᠨᠡᠳᠡᠯ (nedel),夜晚
ᠡᠪᠡᠳᠡᠯ (ebedel),星星
ᠰᠠᠭᠠᠯ (sagal),朋友
ᠬᠡᠲᠡᠯ (khutel),高兴
ᠬᠢᠨᠡᠷ (khiner),美味