suffixes,zh
ᠡᠭ,表示 感觉
ᠡᠯ,表示 思考
ᠣᠨ,表示 包括
ᠤ,表示 数量
ᠳᠤᠭ,表示 一样的
ᠮ,表示 相同的
ᠠᠯ,表示 为了
ᠢ,表示 每个
ᠤ,表示 喜欢
ᠦᠢ,表示 工具
ᠡᠶ,表示 一样
ᠦᠷ,表示 计划
ᠨ,表示 领域
ᠴᠢᠭᠦ,表示 发生
ᠥ,表示 性别
ᠳ,表示 又
ᠡᠰ,表示 有很多的
ᠷ,表示 相似
ᠥᠭᠤ,表示 特征
ᠠᠯ,表示 关系
ᠤ,表示 性格
ᠢ,表示 具有特定特征的
ᠠ,表示 关联的
ᠡ,表示 行为
ᠯ,表示 动作
ᠬᠡ,表示 为
ᠨ,表示 像
ᠯᠡ,表示 状态
ᠣ,表示 使用
ᠯ,表示 展示
ᠡ,表示 学习
ᠯᠲᠦᠰ,表示 类似于
ᠮ,表示 目标
ᠲ,表示 不可能
ᠡᠪᠠ,表示 富有
ᠤ,表示 亲自
ᠬ,表示 目的
ᠡᠽᠡᠯ,表示 发生
ᠷᠡ,表示 许多
ᠮ,表示 我的
ᠣᠨᠠ,表示 样子
ᠰ,表示 尝试
ᠡᠢ,表示 拥有
ᠡ,表示 部分
ᠤ,表示 发现
ᠡᠽ,表示 持有
ᠢ,表示 后代
ᠢ,表示 比较
ᠤᠯ,表示 语言
ᠷᠤ,表示 颜色
ᠡᠷᠠᠳ,表示 管理
ᠷᠢ,表示 目的
ᠡᠶ,表示 在意
ᠨ,表示 状态
ᠡᠳ,表示 我
ᠡᠷᠢᠨ,表示 精通
ᠦᠰ,表示 足够的
ᠡ,表示 包含
ᠯᠦ,表示 状态
ᠷ,表示 自己
ᠠᠳᠡ,表示 专家
ᠯᠦᠳ,表示 情况
ᠶᠢ,表示 获得
ᠡ,表示 能力
ᠡᠭᠦᠢ,表示 动作
ᠡ,表示 展现
ᠬᠢ,表示 重复
ᠠᠷᠲ,表示 学习
ᠠᠶᠠᠳᠤ,表示 小的
ᠭ,表示 有颜色的
ᠷ,表示 时间
ᠬᠡ,表示 获得
ᠤᠭᠠ,表示 器具
ᠡ,表示 有意图
ᠨ,表示 控制
ᠡᠮᠡᠳᠦ,表示 后代
ᠢᠭ,表示 有
ᠢᠶᠡ,表示 具有特定特征的
ᠦᠦ,表示 物体
ᠠᠭᠤ,表示 家庭
ᠡ,表示 熟悉
ᠴᠢᠢᠯ,表示 为了
ᠬᠢᠳᠡᠯ,表示 的
ᠤ,表示 表现
ᠮᠡᠳᠦᠷ,表示 位置
ᠠ,表示 集合
ᠡᠭᠡ,表示 常常
ᠯᠡᠷ,表示 从事
ᠦ,表示 言语
ᠳᠡᠷ,表示 关联
ᠢ,表示 附近
ᠨ,表示 有居民
ᠥᠷ,表示 有意图
ᠡ,表示 部分
ᠡ,表示 关联的
ᠲᠦ,表示 年轻
ᠶ,表示 外观
ᠡ,表示 已经
ᠡ,表示 饮食
ᠡᠳᠡᠯᠡ,表示 后代
ᠣᠲ,表示 和
ᠢ,表示 彼此
ᠡᠪᠦᠷ,表示 我的
ᠥᠷ,表示 自己
ᠭᠡ,表示 学习
ᠶᠢᠢ,表示 也
ᠣ,表示 从事
ᠦ,表示 农村地区
ᠢᠭᠡᠨ,表示 充实
ᠪᠡᠢ,表示 个性
ᠡ,表示 处理
ᠤᠷ,表示 常常
ᠦ,表示 我
ᠡᠮᠦ,表示 某地
ᠡᠭᠡ,表示 亲自
ᠢᠨ,表示 和
ᠴᠡᠭᠦᠷ,表示 谁
ᠪ,表示 家庭
ᠡᠢ,表示 学院
ᠢ,表示 希望
ᠢ,表示 再次
ᠤ,表示 年轻的
ᠤ,表示 发现
ᠤ,表示 找到
ᠯᠴ,表示 每个
ᠶ,表示 惯于
ᠭᠡᠳ,表示 没有
ᠭᠡ,表示 关于
ᠤ,表示 再
ᠬᠡᠢ,表示 急促
ᠯ,表示 可以
ᠯᠡ,表示 每一
ᠨ,表示 希望
ᠠᠮ,表示 聚会
ᠤ,表示 急促
ᠥ,表示 思考
ᠭ,表示 加入
ᠳᠡ,表示 所属
ᠤ,表示 追求
ᠤᠯ,表示 也
ᠠᠶ,表示 情感
ᠦ,表示 也
ᠷ,表示 情况
ᠢ,表示 学校
ᠯ,表示 掌握
ᠷ,表示 状态
ᠤᠲ,表示 惯于
ᠳ,表示 某地
ᠡᠲ,表示 我的
ᠳ,表示 尝试
ᠳ,表示 阶段
ᠭ,表示 心情
ᠯ,表示 追求
ᠡᠭ,表示 无法
ᠲ,表示 领域
ᠢ,表示 性质
ᠦ,表示 考虑
ᠦᠦ,表示 情况
ᠶ,表示 附近
ᠢ,表示 农场
ᠨ,表示 也
ᠢ,表示 展示
ᠨ,表示 言语
ᠷ,表示 喜欢
ᠷ,表示 将来
ᠡᠳᠦᠷ,表示 经常
ᠭᠡ,表示 精通
ᠡᠽᠡ,表示 拥有
ᠢ,表示 经常
ᠦᠳᠤ,表示 熟悉
ᠲ,表示 故事
ᠠ,表示 包含
ᠡ,表示 每
ᠯᠡ,表示 属于
ᠣᠢᠭ,表示 目的
ᠯ,表示 明白
ᠨ,表示 从事
ᠡᠬᠡ,表示 我
ᠷᠡ,表示 持续
ᠡ,表示 理解
ᠷ,表示 多
ᠢᠳ,表示 过去
ᠢ,表示 工具
ᠶᠡᠷᠡᠯ,表示 时刻
ᠡ,表示 性别
ᠡᠭ,表示 强烈
ᠨᠴ,表示 追求
ᠦᠤᠨ,表示 有
ᠷᠤᠯ,表示 离开
ᠡᠨ,表示 能力
ᠣ,表示 了解
ᠷ,表示 饭菜
ᠷᠡ,表示 我
ᠰᠦᠨ,表示 目的地
ᠦᠬ,表示 持续
ᠦᠭᠡᠢ,表示 亲自
ᠦ,表示 被
ᠡᠷ,表示 彼此
ᠢᠲ,表示 年轻
ᠢ,表示 经历
ᠡ,表示 居住地
ᠢᠲᠦ,表示 考虑
ᠰᠢ,表示 活动
ᠷᠤᠳᠤ,表示 特定种类的
ᠡᠴ,表示 加入
ᠳᠡᠨ,表示 工具
ᠶ,表示 范围
ᠠ,表示 以前
ᠬᠢ,表示 讨论
ᠦᠷ,表示 可以
ᠰᠠᠢ,表示 家族
ᠬᠢ,表示 一种类型的
ᠠᠷᠢᠲᠦᠷᠡᠯ,表示 感觉
ᠢ,表示 感觉
ᠢᠬ,表示 富有
ᠦ,表示 同样
ᠡ,表示 可能
ᠶ,表示 属于
ᠳᠣᠪ,表示 语言
ᠢ,表示 考虑
ᠢ,表示 又
ᠡᠮᠡ,表示 外观
ᠲᠦ,表示 部分
ᠷᠡᠬ,表示 后代
ᠨ,表示 愿望
ᠨᠡ,表示 没有
ᠢᠳ,表示 不可能
ᠡᠬᠡ,表示 器具
ᠡᠴᠡᠷᠡ,表示 范围
ᠶ,表示 拥有的
ᠠ,表示 充满
ᠠᠷ,表示 我的
ᠲᠡᠦᠷ,表示 每个
ᠦ,表示 获得
ᠲᠣᠷ,表示 经常
ᠡ,表示 处理
ᠡ,表示 强烈
ᠪᠡ,表示 具有
ᠲ,表示 不可能
ᠡᠢ,表示 友谊
ᠡ,表示 工具
ᠢᠷ,表示 关联
ᠡ,表示 儿子
ᠢ,表示 地区
ᠡᠬᠡᠢᠶᠠᠲ,表示 工作
ᠷᠡᠳᠦ,表示 特定的
ᠬ,表示 样子
ᠪᠡᠲᠦ,表示 为
ᠡᠲ,表示 关联的
ᠦ,表示 目的
ᠦᠷ,表示 离开
ᠡᠦ,表示 熟练
ᠶᠡᠷᠡᠢ,表示 多个
ᠲᠡ,表示 试图
ᠡᠲ,表示 发展
ᠯᠡ,表示 远离
ᠠ,表示 喜欢
ᠦᠢ,表示 食物
ᠢ,表示 涉及
ᠡᠭ,表示 无法
ᠤ,表示 解释
ᠳ,表示 拥有的
ᠯ,表示 可以
ᠢ,表示 从事
ᠥ,表示 连续
ᠡᠰᠠᠭ,表示 未来
ᠷᠢᠷ,表示 时刻
ᠴᠡᠷ,表示 发现
ᠡ,表示 地方
ᠬᠤ,表示 没有
ᠡᠨ,表示 年轻的
ᠨᠡᠢ,表示 习惯于
ᠦᠯ,表示 地方
ᠬ,表示 性格
ᠡ,表示 反复
ᠠ,表示 聚会
ᠠᠳ,表示 非常
ᠠ,表示 具有
ᠬᠡᠯᠢ,表示 打算
ᠪᠦ,表示 居民
ᠪᠣ,表示 后代
ᠤᠢ,表示 找到
ᠡᠬ,表示 寻找
ᠽᠡᠯ,表示 像
ᠷ,表示 常常
ᠡ,表示 儿子
ᠠ,表示 使用
ᠡᠰᠠ,表示 行为
ᠲᠡᠢᠢᠨ,表示 以前
ᠡᠷ,表示 有居民
ᠪ,表示 不停
ᠽᠢ,表示 居住地
ᠡ,表示 充满
ᠤ,表示 方式
ᠠᠴᠤ,表示 有关
ᠡᠷᠤᠨ,表示 动作
ᠡᠭ,表示 过去
ᠯ,表示 计划
ᠣ,表示 子女
ᠤᠮ,表示 能力
ᠤ,表示 每个
ᠦ,表示 丰富
ᠠᠶᠠ,表示 方式
ᠷ,表示 拥有的
ᠤ,表示 儿子
ᠦᠭᠦ,表示 多次
ᠡ,表示 可
ᠦ,表示 无法
ᠥ,表示 重复
ᠢᠭ,表示 希望
ᠥᠤᠯ,表示 性别
ᠳ,表示 小的
ᠡ,表示 使用
ᠡ,表示 聚会
ᠴ,表示 范围
ᠯ,表示 参与
ᠤᠨ,表示 食物
ᠢ,表示 行为
ᠠ,表示 运用
ᠭ,表示 所有
ᠯᠢᠶ,表示 目的
ᠬ,表示 每个
ᠡ,表示 容易
ᠯ,表示 富有
ᠣᠮ,表示 多
ᠡ,表示 家族
ᠴᠡ,表示 特定的
ᠯᠲ,表示 关联于
ᠵ,表示 参与
ᠡ,表示 管理
ᠪᠠ,表示 处理
ᠤ,表示 以前
ᠬᠡ,表示 年轻的
ᠽ,表示 参与
ᠡᠷᠡ,表示 发现
ᠮ,表示 位置
ᠨ,表示 目的
ᠠ,表示 颜色
ᠡᠲᠡᠢᠢᠨ,表示 有很多的
ᠳᠡᠷ,表示 小的
ᠪ,表示 发展
ᠽ,表示 寻找
ᠷ,表示 关联的
ᠤᠰᠢ,表示 被
ᠴ,表示 工作
ᠷ,表示 处理
ᠳ,表示 计划
ᠳᠠᠷ,表示 非常
ᠢ,表示 关联的
ᠨ,表示 参加
ᠭ,表示 展示
ᠷᠢᠨ,表示 几个
ᠦᠰ,表示 不停
ᠢ,表示 习惯于
ᠦᠭ,表示 饭菜
ᠡ,表示 表现
ᠠ,表示 充满
ᠡᠯᠦᠳ,表示 比较
ᠡᠶ,表示 具备
ᠡ,表示 充溢
ᠡᠭᠦᠢ,表示 器具
ᠡ,表示 尝试
ᠬ,表示 处理
ᠠᠷ,表示 动作
ᠳ,表示 友谊
ᠤ,表示 持续
ᠷᠦ,表示 因为
ᠢ,表示 十分
ᠤ,表示 找到
ᠡ,表示 发生
ᠨ,表示 相对于
ᠳᠦ,表示 目的
ᠰᠢ,表示 继续
ᠢᠶ,表示 阐述
ᠦ,表示 和
ᠭᠤ,表示 富有
ᠨ,表示 属于
ᠤᠴᠢ,表示 像
ᠡ,表示 农场
ᠯ,表示 控制
ᠮᠡᠳᠦ,表示 后代
ᠠᠯ,表示 讨论
ᠡᠳᠡ,表示 非常
ᠡᠯ,表示 的人
ᠯ,表示 曾经
ᠯ,表示 经常
ᠷᠢ,表示 和
ᠢ,表示 居民
ᠥᠷ,表示 方向
ᠡ,表示 强烈
ᠡᠢᠢ,表示 情感
ᠲᠦ,表示 了解
ᠢᠶᠢ,表示 从事
ᠷᠦᠰ,表示 远离
ᠴᠢ,表示 子女
ᠯᠡ,表示 所有
ᠰ,表示 过去
ᠦᠴᠢ,表示 离开
ᠡᠪᠦᠷ,表示 具有
ᠥ,表示 子女
ᠡ,表示 离开
ᠢᠵ,表示 一样的
ᠷ,表示 彼此
ᠨ,表示 被
ᠭᠡ,表示 表现
ᠪ,表示 反复
ᠴ,表示 出生于
ᠤᠷᠦ,表示 心情
ᠡᠲᠦ,表示 特征
ᠮᠦ,表示 持续
ᠰᠡᠭᠡᠳ,表示 性格
ᠮᠦ,表示 以便
ᠭ,表示 领土
ᠪ,表示 状态
ᠢ,表示 特征
ᠥᠢᠶ,表示 充溢
ᠯᠡ,表示 以便
ᠨ,表示 获得
ᠬ,表示 去
ᠤ,表示 一点点
ᠯ,表示 个性
ᠢᠢ,表示 年轻的
ᠡ,表示 一样
ᠠᠭᠡᠮ,表示 习惯于
ᠢᠤᠤ,表示 范围
ᠡ,表示 打算
ᠣ,表示 习惯于
ᠯ,表示 有意图
ᠠ,表示 没有
ᠠᠮᠠ,表示 遭受
ᠷ,表示 相同的
ᠥ,表示 曾经
ᠭᠡᠲ,表示 包括
ᠡ,表示 的地方
ᠷ,表示 相同
ᠯ,表示 样子
ᠠᠶ,表示 能够
ᠡ,表示 儿子
ᠷᠤᠳ,表示 人
ᠨ,表示 儿子
ᠡᠳᠡᠯᠡ,表示 充实
ᠠ,表示 可以
ᠤ,表示 有
ᠤ,表示 阐述
ᠲᠠ,表示 充满
ᠳᠤ,表示 强烈
ᠳ,表示 使得
ᠡ,表示 展现
ᠥᠯ,表示 家庭
ᠡ,表示 意图
ᠦᠲ,表示 计划
ᠠᠯᠠ,表示 饮食
ᠦ,表示 带来
ᠦ,表示 多个
ᠠ,表示 找到
ᠦᠢᠨ,表示 也
ᠨᠦ,表示 学院
ᠡᠢᠲ,表示 在意
ᠠᠯ,表示 性格
ᠠ,表示 相似
ᠳᠡ,表示 情感
ᠦ,表示 找到
ᠡᠭ,表示 取得
ᠡ,表示 重复
ᠡᠲ,表示 活动
ᠦ,表示 时间段
ᠤ,表示 频繁
ᠳᠡᠶ,表示 专家
ᠡᠯᠡ,表示 理解
ᠢᠯ,表示 食物
ᠣᠢᠭ,表示 又
ᠡ,表示 工具
ᠨ,表示 特征
ᠡ,表示 儿子
ᠷᠡ,表示 将来
ᠬᠡ,表示 处理
ᠡ,表示 发生
ᠢ,表示 许多
ᠢ,表示 丰富
ᠢᠶᠡᠷᠡ,表示 在意
ᠡ,表示 离开
ᠡ,表示 方法
ᠣᠨᠴᠢ,表示 打算
ᠤ,表示 富有
ᠷ,表示 再次
ᠳ,表示 每一
ᠢ,表示 一种类型的
ᠠᠷᠠ,表示 具有
ᠷ,表示 谁
ᠰ,表示 具有特定特征的
ᠳᠦᠬ,表示 行动
ᠭᠡ,表示 范围
ᠦ,表示 连续
ᠡᠷ,表示 同样
ᠢ,表示 我的
ᠷᠢᠬ,表示 展现
ᠡ,表示 一些
ᠲᠦ,表示 类似
ᠡ,表示 像
ᠤᠳᠤ,表示 熟练
ᠶ,表示 情况
ᠡᠳᠡᠨ,表示 掌握
ᠡᠶᠢᠷᠡ,表示 特定种类的
ᠷ,表示 控制
ᠢᠬ,表示 多次
ᠶᠠᠲᠦᠷ,表示 喜欢
ᠰ,表示 负责
ᠡᠬ,表示 相同的
ᠢ,表示 小的
ᠷᠢᠳᠡ,表示 持续
ᠡᠯ,表示 处理
ᠦ,表示 展现
ᠡᠳᠦᠭ,表示 明白
ᠠ,表示 我
ᠣ,表示 理解
ᠭ,表示 特性
ᠷ,表示 远离
ᠡ,表示 居民
ᠡᠲᠦ,表示 周围
ᠡᠬᠤ,表示 故事
ᠡ,表示 一种类型的
ᠢᠨᠡᠢ,表示 动作
ᠳ,表示 希望
ᠢᠷᠡᠬᠡ,表示 数量
ᠷᠡ,表示 将来
ᠶᠠ,表示 一种类型的
ᠳᠦ,表示 周围
ᠠ,表示 为
ᠬᠡᠯᠢᠢᠲᠡ,表示 关联
ᠪ,表示 谈论
ᠣᠪᠣ,表示 关于
ᠳ,表示 外观
ᠡ,表示 目的地
ᠡᠪ,表示 也
ᠤ,表示 获得
ᠡᠢ,表示 类似
ᠬ,表示 具有
ᠡ,表示 多个
ᠡ,表示 居住地
ᠲᠦ,表示 感觉
ᠲᠦ,表示 可能性
ᠦᠲ,表示 一样
ᠢᠲᠡ,表示 充溢
ᠲᠡ,表示 反复
ᠲ,表示 给
ᠢ,表示 打算
ᠠ,表示 器具
ᠡᠦᠡᠳ,表示 某地
ᠡᠶᠡᠷ,表示 有
ᠠᠲᠦ,表示 能够
ᠡᠳᠡᠲ,表示 活动
ᠠᠢ,表示 获得
ᠦᠲ,表示 以前
ᠦᠢᠶᠠ,表示 做
ᠬᠡᠯ,表示 连续
ᠡ,表示 试图
ᠤ,表示 展示
ᠤ,表示 具备
ᠡᠮᠦ,表示 未来
ᠢ,表示 一起
ᠨ,表示 展现
ᠡᠰᠠᠭᠤ,表示 职业
ᠣ,表示 关心
ᠴᠡᠷ,表示 有人
ᠡ,表示 阐述
ᠡᠬᠤ,表示 样子
ᠡᠨᠡᠢ,表示 可能
ᠡ,表示 地区
ᠢᠳᠦ,表示 关联
ᠢᠷᠡ,表示 心情
ᠡ,表示 周围
ᠡ,表示 比较
ᠠ,表示 表现
ᠷᠠ,表示 习惯于
ᠲᠡᠦ,表示 富有
ᠤᠲᠦ,表示 工作
ᠣ,表示 特性
ᠤ,表示 参与
ᠭ,表示 行动
ᠡ,表示 彼此
ᠷ,表示 曾经
ᠡᠮᠡ,表示 讨论
ᠠ,表示 附近
ᠰᠠ,表示 多
ᠡᠢ,表示 讨论
ᠡᠷ,表示 再次
ᠠ,表示 饭菜
ᠢ,表示 获得
ᠡᠷ,表示 每个
ᠤ,表示 方向
ᠠ,表示 以前
ᠷᠤᠨ,表示 行动
ᠭ,表示 的
ᠡᠯ,表示 方式
ᠨ,表示 再
ᠤᠮ,表示 有颜色的
ᠤᠭ,表示 周围
ᠡ,表示 关联的
ᠠᠶᠠᠯᠢ,表示 工具
ᠷᠢ,表示 无法
ᠤᠨ,表示 目的地
ᠦᠢ,表示 带来
ᠶᠦᠭ,表示 重复
ᠳᠡ,表示 类似
ᠨ,表示 急促
ᠴ,表示 相似
ᠥᠤᠯ,表示 范围
ᠡ,表示 富含
ᠮᠡᠰ,表示 周围
ᠷᠢᠳ,表示 一样
ᠭᠤᠴ,表示 过去
ᠯᠲᠠ,表示 解决
ᠤᠨ,表示 去
ᠷᠢᠰ,表示 颜色
ᠣᠷᠤᠳᠠ,表示 思考
ᠡᠭᠡᠷ,表示 有人
ᠣᠯᠢᠶ,表示 阶段
ᠦᠬ,表示 一种类型的
ᠡᠭ,表示 发现
ᠡᠯ,表示 频繁
ᠮᠣ,表示 多
ᠡᠳᠡ,表示 年轻的
ᠡᠴᠡ,表示 工作
ᠯᠲ,表示 讨论
ᠡ,表示 熟练
ᠭ,表示 精通
ᠪᠠ,表示 充实
ᠤ,表示 活动
ᠬᠡ,表示 具有特定特征的
ᠽᠡᠯ,表示 可以
ᠡᠯ,表示 喜欢
ᠡᠮᠡᠭ,表示 有居民
ᠨᠠ,表示 情感
ᠳ,表示 多
ᠲᠡ,表示 工作
ᠳ,表示 关联于
ᠪᠠᠭᠤ,表示 饮食
ᠡᠽᠢ,表示 充溢
ᠯ,表示 类似于
ᠤᠰᠢ,表示 行家
ᠴ,表示 强烈
ᠡᠷ,表示 专家
ᠠ,表示 外观
ᠳᠠᠷ,表示 处理
ᠢ,表示 类似于
ᠨ,表示 为了
ᠡᠳᠡᠭ,表示 有关
ᠡᠷᠢ,表示 以前
ᠰ,表示 谁
ᠡᠷᠢᠳᠡᠪ,表示 学校
ᠢᠯᠦ,表示 样子
ᠯ,表示 可能
ᠠᠳᠡᠯ,表示 因为
ᠯᠦᠳ,表示 多次
ᠶᠢᠨ,表示 感觉
ᠢ,表示 涉及
ᠡᠳ,表示 年轻的
ᠡᠯᠡ,表示 位置
ᠡᠬᠢ,表示 关于
ᠷ,表示 相对于
ᠠᠶᠠᠳᠤ,表示 性别
ᠡᠭᠤᠯ,表示 性别
ᠡᠷᠦᠯ,表示 遭受
ᠢᠬ,表示 关联于
ᠤᠭᠠ,表示 有关
ᠳᠡᠯᠢᠳᠠ,表示 连续
ᠤᠨ,表示 特征
ᠮᠡᠳᠦ,表示 富有
ᠤᠰᠢᠭ,表示 给
ᠡᠷᠢᠶᠡᠯ,表示 心情
ᠦ,表示 每个
ᠭ,表示 拥有的
ᠨᠡᠢ᠂,表示 明白
ᠢᠯ,表示 发展
ᠡ,表示 讨论
ᠤᠨᠡᠯ,表示 亲自
ᠡᠮᠡᠳᠦ,表示 容易做
ᠲᠠ,表示 学校
ᠭᠡᠳ,表示 言语
ᠡᠯᠡᠷ,表示 亲自
ᠦ,表示 离开
ᠡᠯᠡᠳ,表示 具有特定特征的
ᠢ,表示 位置
ᠢᠨ,表示 居民
ᠥᠷ,表示 打算
ᠡᠳᠡᠭᠡᠷ,表示 动作
ᠢᠢ,表示 再次
ᠡᠲᠦᠷ,表示 经常
ᠢᠶ,表示 样子
ᠡᠷᠦ,表示 自己
ᠴᠢ,表示 追求
ᠳᠡᠯᠡᠲ,表示 过去
ᠣᠲᠦ,表示 可能的
ᠦ,表示 熟悉
ᠪᠦ,表示 计划
ᠥ,表示 连续
ᠷ,表示 许多
ᠡᠢᠶᠢ,表示 学院
ᠣᠷ,表示 自己
ᠦᠨ,表示 关系
ᠢᠭᠡᠨ,表示 产生
ᠪᠡ,表示 有颜色的
ᠡᠴᠡᠷ,表示 不停
ᠤ,表示 器具
ᠡᠲᠦᠷ,表示 时刻
ᠡᠮ,表示 同样
ᠰᠡᠭ,表示 具有特定特征的
ᠮᠦᠷ,表示 掌握
ᠡᠭ,表示 居住地
ᠠᠲ,表示 找到
ᠡ,表示 容易做
ᠥᠢᠶᠠᠭ,表示 去
ᠯᠡ,表示 目标
ᠤ,表示 时刻
ᠠ,表示 急促
ᠤᠨᠦᠭᠤᠨ,表示 感觉
ᠠᠯᠴᠠ,表示 特性
ᠶᠢᠢ,表示 子女
ᠳᠡ,表示 寻找
ᠡ,表示 解释
ᠦᠢ,表示 场所
ᠢ,表示 某地
ᠭᠣ,表示 居民
ᠡᠯ,表示 又
ᠨ,表示 目的
ᠲᠠᠮᠠᠷ,表示 熟悉
ᠷ,表示 性别
ᠥᠪ,表示 参与
ᠭᠡᠲ,表示 发展
ᠳ,表示 取得
ᠤᠷ,表示 和
ᠯ,表示 食物
ᠶ,表示 我
ᠭᠦᠭᠡᠢ,表示 参加
ᠡ,表示 每个
ᠨ,表示 目的地
ᠳᠡ,表示 同样
ᠠ,表示 给
ᠤᠲ,表示 足够的
ᠡᠳᠤ,表示 的地方
ᠡᠲᠠ,表示 引起
ᠡ,表示 阐述
ᠡᠳᠦᠷ,表示 使得
ᠡᠭ,表示 发现
ᠯᠦᠯ,表示 时刻
ᠡᠭᠡᠳ,表示 发展
ᠡᠲ,表示 无法
ᠠᠯᠠᠢ,表示 自己
ᠦᠨ,表示 能够
ᠦ,表示 习惯于
ᠠᠶ,表示 工具
ᠢ,表示 描述
ᠦᠨᠦᠬ,表示 处理
ᠲ,表示 职业
ᠠᠯᠠᠢ,表示 惯于
ᠠ,表示 友谊
ᠡᠷᠡᠳᠡᠷ,表示 像
ᠡ,表示 器具
ᠡᠷᠡ,表示 集合
ᠡᠽᠡᠮ,表示 领土
ᠡᠲᠡᠢ,表示 学习
ᠤᠨ,表示 周围
ᠢᠲᠤᠳᠤᠮ,表示 动作
ᠲᠤ,表示 没有
ᠯᠡᠭᠡ,表示 习惯于
ᠯ,表示 动作
ᠭ,表示 目的
ᠡᠯᠡᠬ,表示 特性
ᠦ,表示 可
ᠬ,表示 儿子
ᠳᠡᠷ,表示 具备
ᠡᠭᠢ,表示 周围
ᠡᠬ,表示 阶段
ᠠᠯᠢᠳᠠᠢ,表示 我
ᠨ,表示 领土
ᠢᠶᠡᠷᠡᠯ,表示 言语
ᠴᠡᠷ,表示 学习
ᠡᠭᠦ,表示 学习
ᠣᠨᠴᠢ,表示 富有
ᠦ,表示 阶段
ᠠᠷᠤᠯ,表示 多
ᠳ,表示 曾经
ᠣᠪᠢ,表示 获得
ᠷᠠᠢ,表示 有可能
ᠡᠶᠡᠷᠡᠯ,表示 方式
ᠦ,表示 发现
ᠬ,表示 熟练
ᠢᠦᠲᠦᠭᠡ,表示 有人
ᠰ,表示 领土
ᠷᠡ,表示 常常
ᠢ,表示 思考
ᠢᠬ,表示 获得
ᠴᠡᠢ,表示 富有
ᠲᠦ,表示 相对于
ᠡᠰ,表示 意图
ᠠᠷᠤᠳ,表示 以便
ᠡᠴᠡᠶ,表示 自己
ᠡᠳᠡᠨ,表示 解释
ᠶᠢᠷᠡ,表示 多个
ᠷᠤᠳᠤᠷ,表示 一些
ᠬ,表示 取得
ᠠᠷᠢᠶᠠᠲᠦ,表示 家庭
ᠡ,表示 被
ᠡ,表示 带来
ᠠᠷᠢᠲᠦᠷᠡᠯ,表示 传说
ᠳᠡ,表示 地方
ᠡᠯ,表示 产生
ᠦ,表示 无法
ᠳᠦᠭ,表示 工作
ᠠᠶᠠ,表示 工作
ᠳᠣᠪ,表示 情感
ᠡᠭᠦᠭᠡᠢ,表示 同样
ᠷ,表示 具有特定特征的
ᠡᠮᠡᠴᠡᠷ,表示 连续
ᠡ,表示 学习
ᠢᠷᠡᠬᠤ,表示 容易
ᠡᠳᠡᠨᠡᠢ,表示 可能的
ᠢᠨ,表示 专家
ᠦᠯ,表示 不停
ᠢᠷᠡᠬᠡᠢ,表示 场所
ᠡ,表示 地区
ᠷ,表示 学习
ᠠᠳᠦᠲᠡ,表示 控制
ᠷᠠᠰ,表示 重复
ᠯᠢᠢᠲ,表示 能够
ᠪᠦᠳᠤ,表示 聚会
ᠣᠪᠣᠲᠣᠷ,表示 后代
ᠪᠡᠯ,表示 反复
ᠡᠳᠤᠲᠡᠦ,表示 农村地区
ᠭ,表示 位置
ᠠᠢᠷᠡᠲᠤᠷ,表示 特性
ᠡᠷᠡᠢ,表示 以便
ᠬᠡᠢᠲᠦ,表示 愿望
ᠢᠷᠡᠬᠡᠯ,表示 心情
ᠡᠶᠡ,表示 性质
ᠢᠲᠦ,表示 常常
ᠠᠲᠦ,表示 所有
ᠢᠷ,表示 有人
ᠡᠷᠢᠢᠲᠡ,表示 思考
ᠡᠪᠡᠲᠦᠲᠡᠷ,表示 运用
ᠷᠡᠲᠡ,表示 取得
ᠭᠦᠤ,表示 反复
ᠷᠤᠤᠲᠡᠦᠷ,表示 爱
ᠳ,表示 动作
ᠡᠶᠡᠷᠡ,表示 连续
ᠡᠷ,表示 的地方
ᠳᠡᠲᠡᠲᠦᠷ,表示 关联的
ᠢᠯᠡ,表示 目标
ᠡᠪᠠᠯ,表示 负责
ᠲᠦ,表示 性质
ᠡᠬᠡᠯᠡᠬ,表示 位置
ᠷ,表示 取得
ᠤᠰᠤ,表示 也
ᠳᠤ,表示 意图
ᠡᠮᠦᠯ,表示 小的
ᠶᠢ,表示 后代
ᠥᠨ,表示 充满
ᠡᠰ,表示 类似于
ᠣᠷᠢᠷ,表示 时间
ᠡᠮ,表示 熟练
ᠡᠲᠦᠷ,表示 特性
ᠬ,表示 区域
ᠡᠨᠡ,表示 引起
ᠨᠡᠢ,表示 发生
ᠳᠦᠯ,表示 家族
ᠷᠡᠬᠡᠢ,表示 目标
ᠴᠡᠷᠡ,表示 足够的
ᠶᠠᠢᠷᠡᠯ,表示 后代
ᠳ,表示 关联
ᠠ,表示 给
ᠷᠡ,表示 拥有的
ᠦ,表示 的
ᠣᠲᠣ,表示 器具
ᠤᠢ,表示 一些
ᠡᠬᠡᠭ,表示 样子
ᠡᠯ,表示 常常
ᠡᠷᠡᠯ,表示 不可能
ᠡᠭ,表示 饭菜
ᠣᠨ,表示 地点
ᠰᠠᠳ,表示 饮食
ᠡᠲ,表示 又
ᠳᠡᠷ,表示 控制
ᠪᠠᠭᠤ,表示 方式
ᠽᠢᠨ,表示 像
ᠷᠢ,表示 熟练
ᠰᠢ,表示 爱
ᠤᠯ,表示 方向
ᠷ,表示 熟练
ᠡᠭ,表示 经历
ᠡᠯ,表示 和
ᠣᠨ,表示 熟悉
ᠤ,表示 喜欢
ᠦᠳᠤᠭ,表示 一点点
ᠡᠮᠦᠷ,表示 一种
ᠪᠠᠶᠠᠯᠢ,表示 有可能
ᠠᠷᠢ,表示 同样
ᠤ,表示 时刻
ᠦᠢ,表示 常常
ᠡᠶ,表示 关联的
ᠭᠦᠷ,表示 居住地
ᠥᠨ,表示 展示
ᠴᠢᠭᠦ,表示 特定种类的
ᠥ,表示 周围
ᠳ,表示 相似
ᠡᠰ,表示 学院
ᠷ,表示 不停
ᠥᠭᠤ,表示 关联
ᠠᠯ,表示 重复
ᠤ,表示 获得
ᠢ,表示 一点点
ᠳᠠ,表示 小的
ᠡ,表示 意图
ᠯ,表示 个性
ᠦᠬᠡ,表示 常常
ᠡᠨ,表示 急促
ᠡᠯᠡᠭ,表示 阶段
ᠣᠮ,表示 包含
ᠯ,表示 了解
ᠡ,表示 物体
ᠯᠲᠦᠰ,表示 专家
ᠢᠮ,表示 多
ᠲᠦ,表示 方式
ᠡᠪᠠᠷ,表示 动作
ᠤᠤ,表示 附近
ᠬ,表示 时间
ᠡᠽᠡᠯ,表示 持续
ᠷᠡ,表示 感觉
ᠮ,表示 言语
ᠣᠨᠠ,表示 容易做
ᠰ,表示 也
ᠲᠡᠢ,表示 包括
ᠡ,表示 农场
ᠤ,表示 容易
ᠡᠽᠢ,表示 所有
ᠢᠯ,表示 言语
ᠰᠢ,表示 居民
ᠴᠤᠯ,表示 心情
ᠷᠤᠨ,表示 属于
ᠡᠷᠠᠳ,表示 又
ᠷᠢ,表示 发现
ᠡᠶᠢ,表示 发生
ᠨ,表示 的
ᠡᠳ,表示 某地
ᠡᠷᠢᠨ,表示 彼此
ᠦᠰ,表示 所有
ᠡ,表示 能够
ᠯᠦ,表示 情感
ᠷ,表示 学校
ᠠᠳᠡᠯ,表示 包括
ᠡᠯᠦᠳ,表示 的人
ᠶᠢᠨ,表示 展现
ᠡ,表示 将来
ᠡᠭᠦᠢ,表示 被
ᠡᠯᠡ,表示 行为
ᠬᠢ,表示 地方
ᠠᠷᠲ,表示 容易做
ᠠᠶᠠᠳᠤ,表示 经常
ᠡᠭ,表示 富有
ᠷ,表示 运用
ᠢᠬᠡ,表示 可能性
ᠤᠭᠠ,表示 经历
ᠡᠯᠢᠳ,表示 器具
ᠨ,表示 动作
ᠡᠮᠡᠳᠦ,表示 自己
ᠰᠢᠭ,表示 每
ᠢᠶᠡᠯ,表示 获得
ᠦᠦ,表示 年轻的
ᠠᠭᠤ,表示 曾经
ᠡ,表示 多
ᠴᠢᠢᠯ,表示 目的地
ᠬᠢᠳᠡᠯ,表示 动作
ᠤ,表示 为
ᠮᠡᠳᠦᠷ,表示 语言
ᠠ,表示 类似于
ᠡᠭᠡᠳᠡ,表示 取得
ᠯᠡᠷ,表示 谁
ᠳᠦ,表示 足够的
ᠡᠳᠡᠷ,表示 来自
ᠠᠷᠢ,表示 有
ᠨ,表示 发生
ᠥᠷ,表示 有居民
ᠭᠡᠷ,表示 参加
ᠡ,表示 情感
ᠲᠦ,表示 小的
ᠢᠶᠢ,表示 许多
ᠡ,表示 被
ᠡ,表示 处理
ᠡᠳᠡᠯᠡᠲ,表示 富有
ᠣᠲ,表示 又
ᠴᠢ,表示 一样
ᠡᠪᠦᠷ,表示 传说
ᠥᠷ,表示 谈论
ᠭᠡᠷ,表示 儿子
ᠶᠢᠢᠵ,表示 描述
ᠣᠷ,表示 可能的
ᠦ,表示 年轻
ᠢᠭᠡᠨ,表示 习惯于
ᠪᠡᠢ,表示 因为
ᠡᠴ,表示 目的地
ᠤᠷ,表示 反复
ᠦ,表示 特定的
ᠡᠮᠦ,表示 子女
ᠰᠡᠭᠡ,表示 居住地
ᠷᠢᠢᠨ,表示 居住地
ᠴᠡᠭᠦᠷ,表示 不停
ᠪ,表示 多
ᠡᠢ,表示 学校
ᠥᠢᠶ,表示 相同的
ᠢᠯ,表示 以前
ᠤᠨ,表示 表现
ᠤ,表示 从事
ᠤ,表示 计划
ᠠᠯᠴᠠ,表示 情况
ᠢᠶᠢ,表示 发现
ᠡᠭᠡᠳᠡᠲ,表示 时刻
ᠭᠡ,表示 小
ᠢᠤᠤᠨ,表示 居民
ᠬᠡᠢ,表示 加入
ᠣᠭᠣᠯ,表示 过去
ᠯᠡᠯ,表示 尝试
ᠨ,表示 关联于
ᠠᠮᠠᠷ,表示 目的
ᠤ,表示 地点
ᠥ,表示 急促
ᠭ,表示 多次
ᠳᠡ,表示 自己
ᠤ,表示 时刻
ᠤᠯ,表示 儿子
ᠠᠶ,表示 时间段
ᠭᠦᠭ,表示 性别
ᠷᠤ,表示 被
ᠢ,表示 不可能
ᠳᠡᠯ,表示 足够的
ᠠᠷ,表示 已经
ᠤᠲ,表示 经常
ᠳᠤ,表示 关联的
ᠡᠲᠠ,表示 多个
ᠳ,表示 涉及
ᠳ,表示 目标
ᠭ,表示 方法
ᠯ,表示 已经
ᠡᠭ,表示 饮食
ᠡᠲ,表示 从事
ᠠᠯᠠᠢ,表示 有意图
ᠦ,表示 方法
ᠡᠰᠦᠦᠨ,表示 样子
ᠶ,表示 习惯于
ᠢᠨ,表示 非常
ᠨ,表示 领域
ᠡᠢᠲ,表示 行为
ᠨ,表示 人
ᠷ,表示 子女
ᠷᠡᠳ,表示 居住地
ᠡᠳᠦᠷ,表示 持有
ᠷᠡᠭᠡ,表示 领域
ᠡᠽᠡ,表示 因为
ᠢ,表示 领土
ᠦᠳᠤ,表示 饮食
ᠢᠲ,表示 性格
ᠠᠲᠤᠳᠡ,表示 理解
ᠯᠡᠭᠡ,表示 家庭
ᠯᠡ,表示 时间
ᠣᠢᠭ,表示 谁
ᠯᠡᠬ,表示 打算
ᠨ,表示 家庭
ᠡᠬᠡ,表示 快速
ᠡᠷᠡ,表示 关心
ᠡ,表示 远离
ᠬᠡᠷ,表示 类似于
ᠠᠯᠢᠳᠠ,表示 去
ᠢᠨ,表示 表现
ᠶᠡᠷᠡᠯ,表示 周围
ᠡᠴ,表示 类似
ᠡᠭ,表示 持续
ᠨᠴ,表示 加入
ᠦᠤᠨ,表示 容易
ᠠᠷᠤᠯ,表示 讨论
ᠷᠢᠳᠡᠨ,表示 打算
ᠣ,表示 方法
ᠷ,表示 职业
ᠡᠷᠡᠯ,表示 语言
ᠦᠰᠦᠨ,表示 子女
ᠳᠦᠬ,表示 食物
ᠦᠭᠡᠢ,表示 经常
ᠦ,表示 重复
ᠡᠷᠡᠷ,表示 拥有
ᠢᠲᠢ,表示 物体
ᠢ,表示 精通
ᠴᠡ,表示 未来
ᠡᠷᠢᠲᠦ,表示 一种
ᠡᠰᠢ,表示 相似
ᠷᠤᠳᠤ,表示 使得
ᠡᠴᠡ,表示 家族
ᠳᠡᠨ,表示 频繁
ᠡᠶᠢᠷ,表示 表现
ᠠ,表示 特征
ᠬᠢ,表示 连续
ᠠᠷᠢᠶᠠᠲᠦᠷ,表示 精通
ᠰᠠᠢ,表示 方法
ᠡᠬᠢ,表示 明白
ᠠᠷᠢᠲᠦᠷᠡᠯ,表示 有可能
ᠷᠢ,表示 打算
ᠡᠷᠡᠢᠬᠡᠯ,表示 附近
ᠦᠭᠦ,表示 所属
ᠡ,表示 一起
ᠶᠠᠭ,表示 表现
ᠣᠳᠣᠪ,表示 已经
ᠢ,表示 我的
ᠢ,表示 处理
ᠡᠮᠡᠴ,表示 有
ᠲᠦᠷ,表示 类似
ᠷᠡᠬᠤ,表示 没有
ᠡᠨ,表示 意图
ᠨᠡ,表示 性质
ᠢᠳ,表示 关联的
ᠢᠷᠡᠬᠡᠢ,表示 数量
ᠡᠴᠡᠷᠡ,表示 关联于
ᠶ,表示 有居民
ᠠ,表示 相似
ᠠᠷ,表示 发展
ᠲᠡᠦᠷ,表示 器具
ᠦᠷ,表示 特定种类的
ᠲᠣᠷ,表示 居住地
ᠡᠯᠡ,表示 愿望
ᠡ,表示 多
ᠪᠡᠭ,表示 能力
ᠲ,表示 因为
ᠪᠡᠷᠡᠢ,表示 我的
ᠡᠬᠡ,表示 目的
ᠢᠷᠡ,表示 出生于
ᠡ,表示 关于
ᠢᠢᠲᠦ,表示 发生
ᠡᠬᠡᠢᠶᠠᠲ,表示 强烈
ᠷᠡᠳᠦᠲ,表示 解决
ᠬᠡ,表示 像
ᠡᠪᠡᠲᠦᠲ,表示 曾经
ᠡᠲᠡᠲ,表示 子女
ᠦ,表示 一种
ᠡᠦᠷ,表示 可能
ᠡᠦᠡ,表示 食物
ᠶᠡᠷᠡᠢ,表示 已经
ᠲᠡ,表示 一种类型的
ᠳᠡᠲᠡ,表示 小
ᠯᠡ,表示 具有特定特征的
ᠠ,表示 形状
ᠦᠢᠶ,表示 以前
ᠢ,表示 处理
ᠷᠡᠭᠡ,表示 关心
ᠤᠰ,表示 比较
ᠳ,表示 足够的
ᠯ,表示 富含
ᠢ,表示 言语
ᠥᠨ,表示 可能
ᠡᠰᠠᠭ,表示 为了
ᠣᠷᠢᠷ,表示 尝试
ᠡᠮᠡᠴᠡᠷ,表示 频繁
ᠡᠲᠦᠷ,表示 时刻
ᠡᠬᠤ,表示 展示
ᠡᠨ,表示 已经
ᠠᠢᠨᠡᠢ,表示 一样
ᠢᠳᠦᠯ,表示 做
ᠬᠡ,表示 富有
ᠡ,表示 学习
ᠠᠢ,表示 考虑
ᠢᠷᠠᠳᠦᠲᠡᠷ,表示 小
ᠠ,表示 工具
ᠬᠡᠯᠢᠢᠲᠡ,表示 的地方
ᠪᠦᠳᠤᠲᠦᠷ,表示 地点
ᠪᠣ,表示 在意
ᠤᠢ,表示 不可能
ᠡᠬ,表示 重复
ᠡᠽᠡᠯ,表示 爱
ᠷ,表示 同样
ᠡᠮ,表示 状况
ᠠ,表示 区域
ᠡᠰᠠ,表示 农村地区
ᠡᠲᠡᠢᠢᠨ,表示 同样
ᠡᠷ,表示 周围
ᠪ,表示 周围
ᠽᠢᠨ,表示 领域
ᠡ,表示 类似
ᠤᠰ,表示 找到
ᠠᠴᠤ,表示 农村地区
ᠳᠡᠷᠤᠨ,表示 出生于
ᠡᠭ,表示 工具
ᠡᠯ,表示 以前
ᠣ,表示 充实
ᠤᠮ,表示 重复
ᠤ,表示 目标
ᠡᠮᠦᠷ,表示 后代
ᠠᠶᠠ,表示 农村地区
ᠷ,表示 方式
ᠤᠨ,表示 了解
ᠦᠭᠦ,表示 地区
ᠡᠶᠦ,表示 频繁
ᠡᠭᠦᠷ,表示 聚会
ᠥ,表示 涉及
ᠢᠭ,表示 从事
ᠥᠤᠯ,表示 了解
ᠳ,表示 同样
ᠮᠡ,表示 关联于
ᠡᠷ,表示 爱
ᠴ,表示 找到
ᠡᠯᠲ,表示 未来
ᠤᠨ,表示 情感
ᠢ,表示 工具
ᠠᠭ,表示 解决
ᠡᠭᠡ,表示 涉及
ᠯᠢᠶ,表示 远离
ᠬ,表示 状况
ᠡ,表示 发现
ᠡᠯ,表示 充实
ᠣᠮᠣᠷ,表示 以前
ᠳᠡ,表示 农村地区
ᠡᠴᠡ,表示 有
ᠯᠲ,表示 表现
ᠵ,表示 目的
ᠡᠲᠦᠭ,表示 地点
ᠪᠠ,表示 取得
ᠤ,表示 居民
ᠡᠬᠡ,表示 精通
ᠡᠽᠡᠯ,表示 希望
ᠡᠷᠡᠯ,表示 状况
ᠡᠮ,表示 情况
ᠨ,表示 集合
ᠡᠰᠠᠳ,表示 离开
ᠡᠲᠡᠢᠢᠨ,表示 思考
ᠳᠡᠷ,表示 亲自
ᠪᠠ,表示 急促
ᠡᠽᠢᠨ,表示 状况
ᠷ,表示 包括
ᠤᠰᠢ,表示 相同的
ᠴ,表示 喜欢
ᠳᠡᠷᠤᠨ,表示 年轻
ᠡᠷᠠᠳ,表示 经常
ᠳᠠᠷ,表示 惯于
ᠡᠶᠢ,表示 多
ᠨ,表示 领域
ᠭ,表示 又
ᠷᠢᠨ,表示 持续
ᠡᠯᠦᠰ,表示 语言
ᠢ,表示 区域
ᠢᠯᠦᠭ,表示 发展
ᠡᠷᠡ,表示 寻找
ᠠ,表示 状态
ᠡᠯᠦᠳ,表示 被
ᠡᠶ,表示 取得
ᠡᠭ,表示 处理
ᠡᠭᠦᠢ,表示 富有
ᠡᠯᠡᠯ,表示 家庭
ᠡᠬ,表示 在一起
ᠠᠷᠲ,表示 同样
ᠠᠶᠠᠳᠤ,表示 寻找
ᠭᠤ,表示 不停
ᠷᠦ,表示 区域
ᠢᠬ,表示 遭受
ᠤ,表示 管理
ᠳᠡᠯᠢ,表示 具有
ᠨ,表示 行为
ᠳᠦ,表示 拥有的
ᠰᠢ,表示 取得
ᠷᠢᠶ,表示 展现
ᠦ,表示 数量
ᠭᠤ,表示 熟悉
ᠨᠡ,表示 性格
ᠤᠴᠢᠢ,表示 处理
ᠡ,表示 专家
ᠯ,表示 爱
ᠮᠡᠳᠦ,表示 明白
ᠠᠯ,表示 加入
ᠭᠡᠳᠡ,表示 管理
ᠡᠯᠡ,表示 地区
ᠳᠦᠯ,表示 富有
ᠯ,表示 展示
ᠷᠢ,表示 相同的
ᠢ,表示 过去
ᠥᠷ,表示 富有
ᠡ,表示 寻找
ᠡᠢᠢ,表示 发生
ᠡᠲᠦ,表示 语言
ᠢᠶᠢ,表示 没有
ᠡᠷᠦᠰ,表示 管理
ᠡᠴᠢ,表示 相同的
ᠳᠡᠯᠡᠲ,表示 目的
ᠦᠰ,表示 物体
ᠦᠴᠢ,表示 关系
ᠡᠪᠦᠷ,表示 出生于
ᠥ,表示 获得
ᠡ,表示 之一
ᠢᠢᠵ,表示 亲自
ᠷ,表示 农村地区
ᠦᠨ,表示 希望
ᠭᠡᠨ,表示 居民
ᠪ,表示 发现
ᠴ,表示 爱
ᠤᠷᠦ,表示 地方
ᠡᠲᠦ,表示 考虑
ᠡᠮᠦᠷ,表示 所属
ᠰᠡᠭᠡᠳᠡ,表示 类似
ᠮᠦᠷ,表示 使得
ᠭ,表示 在一起
ᠪᠠᠲ,表示 发现
ᠢ,表示 职业
ᠥᠢᠶᠠ,表示 类似于
ᠯᠡ,表示 所有
ᠨ,表示 属于
ᠬ,表示 尝试
ᠤ,表示 一点点
ᠯᠴ,表示 发生
ᠢᠢ,表示 所属
ᠭᠡᠳ,表示 性格
ᠷᠠᠭᠡᠮ,表示 能够
ᠦᠢᠤᠤ,表示 急促
ᠡ,表示 出生于
ᠣᠯ,表示 经常
ᠯᠡ,表示 附近
ᠠ,表示 发现
ᠠᠮᠠᠷ,表示 一种类型的
ᠷᠤ,表示 情况
ᠥ,表示 发现
ᠥᠷᠡᠭᠡᠲ,表示 也
ᠡ,表示 亲自
ᠷ,表示 一起
ᠯ,表示 农场
ᠠᠶ,表示 相同的
ᠡ,表示 特定的
ᠷᠤᠳᠡ,表示 无法
ᠨ,表示 关心
ᠡᠳᠡᠯᠡ,表示 一种类型的
ᠠ,表示 样子
ᠤ,表示 周围
ᠤ,表示 方式
ᠲᠠ,表示 集合
ᠳᠤ,表示 儿子
ᠳᠦᠷ,表示 持有
ᠡ,表示 故事
ᠥᠯ,表示 能够
ᠡ,表示 几个
ᠦᠲ,表示 做
ᠠᠯᠠᠢ,表示 职业
ᠦ,表示 发展
ᠦ,表示 丰富
ᠠ,表示 常常
ᠦᠢᠨ,表示 追求
ᠦᠨᠦ,表示 意图
ᠡᠢᠲ,表示 饮食
ᠠᠯ,表示 讨论
ᠠ,表示 饮食
ᠡᠳᠡ,表示 人
ᠦ,表示 惯于
ᠡᠭᠡ,表示 个性
ᠡᠮ,表示 管理
ᠡᠲᠡ,表示 计划
ᠦ,表示 管理
ᠲᠤ,表示 性别
ᠳᠡᠶ,表示 位置
ᠡᠯᠡ,表示 之一
ᠦᠢᠯᠡ,表示 有很多的
ᠣᠢᠭ,表示 领域
ᠡ,表示 考虑
ᠦᠨ,表示 处理
ᠡ,表示 丰富
ᠷᠡ,表示 场所
ᠬᠡᠭᠢ,表示 许多
ᠡ,表示 从事
ᠯᠢ,表示 行为
ᠢᠨ,表示 打算
ᠢᠶᠡᠷᠡ,表示 引起
ᠴᠡᠷ,表示 非常
ᠡ,表示 因为
ᠣᠨᠴᠢ,表示 计划
ᠤᠨ,表示 位置
ᠠᠷ,表示 学院
ᠳ,表示 明白
ᠢ,表示 区域
ᠠᠷᠠᠢ,表示 专家
ᠷ,表示 像
ᠦᠰ,表示 去
ᠳᠦᠬ,表示 时刻
ᠭᠡᠢ,表示 将来
ᠦ,表示 家庭
ᠡᠷᠡᠷ,表示 比较
ᠢ,表示 充溢
ᠡᠷᠢᠬ,表示 相似
ᠡ,表示 以前
ᠢᠲᠦ,表示 年轻的
ᠡ,表示 有可能
ᠤᠳᠤᠨ,表示 一种
ᠶᠢ,表示 一些
ᠡᠳᠡᠨ,表示 有颜色的
ᠡᠶᠢᠷᠡᠯ,表示 给
ᠷᠤ,表示 经常
ᠢᠬᠢ,表示 经常
ᠠᠷᠢᠶᠠᠲᠦᠷ,表示 居民
ᠰ,表示 来自
ᠡᠬ,表示 领土
ᠠᠷᠢᠲᠦ,表示 自己
ᠷᠢᠳᠡᠰ,表示 性格
ᠡᠢᠬᠡᠯ,表示 我
ᠦ,表示 自己
ᠡᠳᠦᠭᠡᠨ,表示 又
ᠠᠭ,表示 许多
ᠣᠳᠣᠪ,表示 场所
ᠭᠦᠭᠡ,表示 展现
ᠷ,表示 可能性
ᠡ,表示 性格
ᠡᠲᠦᠷ,表示 专家
ᠡᠬᠤ,表示 每
ᠡ,表示 学习
ᠢᠨᠡᠢ,表示 每一
ᠢᠳ,表示 能够
ᠢᠷᠡᠬᠡᠢ,表示 从事
ᠡᠴᠡᠷᠡᠢ,表示 的人
ᠶᠠ,表示 又
ᠷᠠᠳᠦᠲᠡᠷ,表示 遭受
ᠠᠰ,表示 爱
ᠢᠷᠡᠬᠡᠯᠢᠢᠲᠡ,表示 地区
ᠪ,表示 物体
ᠣᠪᠣ,表示 思考
ᠡᠳ,表示 习惯于
ᠡ,表示 没有
ᠡᠪᠡᠭᠡᠢ,表示 某地
ᠤ,表示 食物
ᠷᠡᠢ,表示 有颜色的
ᠬ,表示 外观
ᠢᠷᠡ,表示 样子
ᠡᠷ,表示 领域
ᠢᠲᠦ,表示 居住地
ᠲᠦ,表示 产生
ᠦᠲᠡ,表示 在意
ᠡᠬᠡᠷᠢᠢᠲᠡᠦᠷ,表示 故事
ᠦᠲᠡ,表示 有很多的
ᠲ,表示 性质
ᠢ,表示 做
ᠠ,表示 年轻
ᠡᠦᠡᠳ,表示 富含
ᠡᠶᠡᠷᠡᠢ,表示 每个
ᠠᠲᠦᠲ,表示 阶段
ᠡᠳᠡᠲ,表示 再次
ᠠᠢᠯᠡᠯ,表示 持续
ᠦᠲ,表示 远离
ᠠᠦᠢᠶᠠᠲᠦ,表示 再次
ᠷᠡᠬᠡᠯᠡᠬ,表示 获得
ᠡᠷᠡᠭᠡ,表示 小
ᠤᠰ,表示 富含
ᠤ,表示 富含
ᠡᠮᠦᠯ,表示 能力
ᠢ,表示 打算
ᠨ,表示 一样的
ᠡᠰᠠᠭᠤ,表示 家庭
ᠣᠷ,表示 将来
ᠴᠡᠷ,表示 参与
ᠡ,表示 特征
ᠢᠷᠡᠬᠤ,表示 状况
ᠡᠨᠡᠢ,表示 来自
ᠡ,表示 寻找
ᠢᠳᠦᠯ,表示 关系
ᠢᠷᠡ,表示 类似于
ᠡᠴ,表示 阶段
ᠷᠡ,表示 的
ᠠ,表示 部分
ᠠᠷᠠᠰ,表示 以前
ᠲᠡᠦ,表示 常常
ᠳᠤᠲᠦ,表示 谁
ᠣ,表示 非常
ᠤᠤ,表示 频繁
ᠭ,表示 去
ᠡ,表示 将来
ᠷ,表示 尝试
ᠡᠮᠡᠭ,表示 持有
ᠠ,表示 小的
ᠰᠠᠳ,表示 有很多的
ᠡᠲᠡᠢ,表示 描述
ᠡᠷ,表示 阶段
ᠠ,表示 熟悉
ᠢ,表示 的地方
ᠡᠷ,表示 方法
ᠤ,表示 几个
ᠠᠴᠤ,表示 小的
ᠡᠷᠤᠨ,表示 连续
ᠡᠭ, 表示 小 或 年轻
ᠡᠯ, 表示 家庭 或 家族
ᠣᠨ, 表示 地方 或 领土
ᠤᠮ, 表示 地方 或 居住地
ᠦᠳᠤᠭ, 表示 所属 或 关联
ᠡᠮᠦᠷ, 表示 时间
ᠪᠠᠶᠠᠯᠢ, 表示 地方 或 领土
ᠠᠷᠢ, 表示 人 或 居民
ᠤᠨ, 表示 时间
ᠦᠭᠦᠢ, 表示 没有
ᠡᠶᠦᠭ, 表示 时间
ᠳᠡᠭᠦᠷ, 表示 家庭
ᠥᠨ, 表示 地方
ᠴᠢᠭᠦᠢ, 表示 小 或 年轻
ᠥᠤᠯ, 表示 地方 或 居住地
ᠡᠳᠡᠯ, 表示 所属 或 关联
ᠡᠮᠡᠰ, 表示 数量
ᠡᠷᠢᠳ, 表示 动作
ᠥᠭᠤᠴ, 表示 时间
ᠡᠯᠲᠠᠯ, 表示 学校 或 学院
ᠤᠨ, 表示 地方 或 场所
ᠤᠷᠢᠰ, 表示 人
ᠣᠷᠤᠳᠠᠭ, 表示 方式 或 方法
ᠡᠭᠡᠷ, 表示 的
ᠣᠯᠢᠶ, 表示 多
ᠦᠬᠡ, 表示 状况 或 状态
ᠡᠭᠡᠨ, 表示 将来
ᠡᠯᠡᠭ, 表示 的地方
ᠣᠮᠣᠷ, 表示 形状 或 外观
ᠡᠳᠡᠯ, 表示 的人
ᠡᠴᠡ, 表示 情感 或 心情
ᠡᠯᠲᠦᠰ, 表示 学习
ᠡᠵᠢᠮ, 表示 活动 或 行动
ᠡᠲᠦᠭ, 表示 的地方
ᠡᠪᠠᠷ, 表示 拥有 或 具有
ᠤᠤᠢ, 表示 足够的
ᠡᠬᠡᠭ, 表示 比较
ᠡᠽᠡᠯ, 表示 位置 或 方向
ᠡᠷᠡᠯ, 表示 相同的
ᠡᠮᠡᠭ, 表示 工作 或 职业
ᠣᠨᠠ, 表示 属于
ᠡᠰᠠᠳ, 表示 性格 或 个性
ᠡᠲᠡᠢᠢᠨ, 表示 小的
ᠳᠡᠷ, 表示 拥有 或 具有
ᠪᠠᠭᠤ, 表示 物体
ᠡᠽᠢᠨ, 表示 无法 或 不可能
ᠡᠷᠢᠯ, 表示 发生 或 发展
ᠤᠰᠢ, 表示 多
ᠠᠴᠤᠯ, 表示 做 或 从事
ᠳᠡᠷᠤᠨ, 表示 拥有的
ᠡᠷᠠᠳ, 表示 关于 或 关联的
ᠳᠠᠷᠢ, 表示 关系 或 友谊
ᠡᠶᠢ, 表示 属于 或 关联于
ᠢᠨ, 表示 有 或 包含
ᠡᠳᠡᠭ, 表示 拥有
ᠡᠷᠢᠨ, 表示 工作 或 职业
ᠡᠯᠦᠰ, 表示 儿子
ᠡᠷᠢᠳᠡᠪ, 表示 拥有 或 具备
ᠢᠯᠦᠭ, 表示 故事 或 传说
ᠡᠷᠡᠯ, 表示 食物 或 饮食
ᠠᠳᠡᠯ, 表示 时间段 或 阶段
ᠡᠯᠦᠳ, 表示 性别
ᠡᠶᠢᠨ, 表示 特征 或 性质
ᠢᠳᠡᠭ, 表示 颜色
ᠡᠳᠡᠭᠦᠢ, 表示 有颜色的
ᠡᠯᠡᠯ, 表示 关于 或 有关
ᠡᠬᠢ, 表示 方式 或 方法
ᠠᠷᠲᠤ, 表示 能够 或 可以
ᠠᠶᠠᠳᠤ, 表示 再 或 又
ᠡᠭᠤᠯ, 表示 常常 或 频繁
ᠡᠷᠦᠯ, 表示 容易 或 容易做
ᠢᠬᠡ, 表示 性质 或 特征
ᠤᠭᠠ, 表示 地方 或 区域
ᠳᠡᠯᠢᠳᠠ, 表示 行动 或 动作
ᠤᠨ, 表示 时间
ᠡᠮᠡᠳᠦ, 表示 农村地区
ᠤᠰᠢᠭ, 表示 人
ᠡᠷᠢᠶᠡᠯ, 表示 特定的
ᠦᠦ, 表示 频繁 或 多次
ᠠᠭᠤ, 表示 方式 或 方法
ᠦᠨᠡᠢ᠂, 表示 行为 或 状态
ᠤᠴᠢᠢᠯ, 表示 地方
ᠡᠬᠢᠳᠡᠯ, 表示 时间段
ᠤᠨᠡᠯ, 表示 领域 或 范围
ᠡᠮᠡᠳᠦᠷ, 表示 农场
ᠲᠠᠯ, 表示 能力 或 性质
ᠡᠭᠡᠳᠡᠨ, 表示 有很多的
ᠡᠯᠡᠷ, 表示 状况 或 状态
ᠳᠦᠯ, 表示 所有
ᠡᠯᠡᠳᠡᠷ, 表示 有
ᠠᠷᠢ, 表示 位置 或 地点
ᠢᠨ, 表示 小
ᠥᠷ, 表示 动作 或 状态
ᠡᠳᠡᠭᠡᠷ, 表示 非常
ᠡᠢᠢᠷ, 表示 时间
ᠡᠲᠦᠷ, 表示 地方
ᠢᠶᠢ, 表示 一种
ᠡᠷᠦᠰ, 表示 时间
ᠡᠴᠢ, 表示 人
ᠡᠳᠡᠯᠡᠲ, 表示 行为 或 动作
ᠣᠲᠦᠰ, 表示 附近 或 周围
ᠦᠴᠢ, 表示 地方 或 位置
ᠡᠪᠦᠷ, 表示 小的 或 年轻的
ᠥᠷ, 表示 多 或 许多
ᠡᠭᠡᠷ, 表示 可能性 或 能力
ᠡᠢᠶᠢᠢᠵ, 表示 一种 或 具有特定特征的
ᠣᠷᠤᠯ, 表示 领土 或 地区
ᠦᠨ, 表示 行动 或 状态
ᠢᠭᠡᠨ, 表示 之一
ᠪᠡᠢ, 表示 为了 或 以便
ᠡᠴᠡᠷ, 表示 给 或 为
ᠤᠷᠦ, 表示 因为
ᠡᠲᠦᠷ, 表示 也
ᠡᠮᠦᠷ, 表示 可以 或 可能
ᠰᠡᠭᠡᠳᠡᠲ, 表示 每
ᠡᠮᠦᠷᠢᠢᠨ, 表示 经常
ᠴᠡᠭᠦᠷ, 表示 因为
ᠪᠠᠲ, 表示 一些 或 几个
ᠡᠢ, 表示 的 或 属于
ᠥᠢᠶᠠᠭ, 表示 方式 或 方法
ᠢᠯᠡ, 表示 关于 或 有关
ᠤᠨ, 表示 的
ᠤᠬᠠᠨ, 表示 言语 或 语言
ᠤᠨᠦᠭᠤᠨ, 表示 相同的 或 一样的
ᠠᠯᠴᠠ, 表示 关于 或 有关
ᠢᠶᠢᠢ, 表示 非常 或 强烈
ᠡᠭᠡᠳᠡᠲ, 表示 充满 或 具有
ᠡᠷᠠᠭᠡᠮ, 表示 从事 或 工作
ᠦᠢᠤᠤᠨ, 表示 充满 或 富有
ᠡᠷᠡᠬᠡᠢ, 表示 可能的 或 有可能
ᠣᠯᠣᠭᠣᠯ, 表示 常常 或 经常
ᠡᠯᠡᠯ, 表示 频繁 或 多次
ᠠᠷᠢᠨ, 表示 关于 或 有关
ᠲᠠᠮᠠᠷ, 表示 相似 或 类似
ᠠᠷᠤᠨ, 表示 一样 或 相同
ᠥᠪ, 表示 的人 或 从事
ᠥᠷᠡᠭᠡᠲ, 表示 惯于 或 习惯于
ᠳᠡᠷ, 表示 地方 或 领域
ᠤᠷ, 表示 子女 或 后代
ᠤᠯᠢ, 表示 多 或 丰富
ᠠᠶ, 表示 的 或 属于
ᠡᠭᠦᠭᠡᠢ, 表示 充满 或 被
ᠡᠷᠤᠳᠡᠨ, 表示 和 或 一起
ᠢᠨ, 表示 我 或 我的
ᠡᠳᠡᠯᠡᠯ, 表示 连续 或 不停
ᠠᠷ, 表示 做 或 行动
ᠤᠲ, 表示 方式 或 方法
ᠡᠭᠡᠳᠤ, 表示 时间
ᠡᠲᠠ, 表示 状态 或 特征
ᠡᠨᠡᠳᠤ᠂, 表示 彼此 或 一起
ᠡᠭᠡᠳᠦᠷ, 表示 某地
ᠡᠨᠡᠭ, 表示 目的地 或 去
ᠥᠯᠦᠯ, 表示 非常 或 十分
ᠡᠭᠡᠳᠤ᠂, 表示 时间
ᠡᠲᠦᠲ, 表示 部分 或 一点点
ᠠᠯᠠᠢ, 表示 未来
ᠦᠨ, 表示 时刻 或 时间
ᠡᠰᠦᠦᠨ, 表示 时刻
ᠠᠶ, 表示 谁
ᠦᠢᠨ, 表示 集合 或 在一起
ᠦᠨᠦᠬ, 表示 样子 或 方式
ᠡᠢᠲ, 表示 能够
ᠠᠯᠠᠢᠨ, 表示 同样
ᠠᠷ, 表示 有 或 具备
ᠡᠷᠡᠳᠡᠷ, 表示 充满 或 充实
ᠡᠳᠦᠷ, 表示 地方 或 区域
ᠡᠷᠡᠭᠡᠷ, 表示 特定种类的 或 有关
ᠡᠽᠡᠮ, 表示 集合 或 聚会
ᠡᠲᠡᠢ, 表示 充满 或 充实
ᠦᠳᠤᠨ, 表示 所属 或 关联
ᠢᠲᠤᠳᠤᠮ, 表示 快速 或 急促
ᠠᠲᠤᠳᠡᠶᠢ, 表示 有人 或 有居民
ᠡᠯᠡᠭᠡᠢ, 表示 有关 或 关于
ᠦᠢᠯᠡᠭ, 表示 每个 或 每一
ᠣᠢᠭ, 表示 多 或 许多
ᠡᠯᠡᠬ, 表示 相对于 或 关于
ᠦᠨ, 表示 情感 或 感觉
ᠡᠬᠡᠷᠡᠷ, 表示 精通 或 熟练
ᠡᠳᠡᠷᠡᠯ, 表示 熟悉 或 了解
ᠡᠬᠡᠭᠢ, 表示 喜欢 或 爱
ᠡᠬᠡᠷ, 表示 动作 或 行为
ᠠᠯᠢᠳᠠᠢ, 表示 可 或 可能
ᠢᠨ, 表示 拥有 或 具有
ᠢᠶᠡᠷᠡᠯ, 表示 充满 或 富含
ᠡᠴᠡᠷ, 表示 来自 或 出生于
ᠡᠭᠦᠨ, 表示 能够 或 可以
ᠣᠨᠴᠢ, 表示 专家 或 行家
ᠦᠤᠨ, 表示 多 或 许多
ᠠᠷᠤᠯ, 表示 像 或 类似于
ᠡᠷᠢᠳᠡᠨ, 表示 充满 或 充实
ᠣᠪᠢ, 表示 食物 或 饭菜
ᠠᠷᠠᠢ, 表示 情感 或 感觉
ᠡᠶᠡᠷᠡᠯ, 表示 有关 或 涉及
ᠦᠰᠦᠨ, 表示 地方 或 位置
ᠡᠳᠦᠬ, 表示 方法 或 方式
ᠢᠦᠲᠦᠭᠡᠢ, 表示 过去 或 以前
ᠦᠲᠦᠰ, 表示 工具 或 器具
ᠡᠷᠡᠷ, 表示 重复 或 再次
ᠢᠲᠢ, 表示 使得 或 引起
ᠡᠷᠢᠬ, 表示 一种 或 一种类型的
ᠡᠴᠡᠢ, 表示 意图 或 目的
ᠡᠷᠢᠲᠦᠷ, 表示 持有 或 拥有
ᠡᠰᠢ, 表示 行为 或 动作
ᠠᠷᠤᠳᠤᠨ, 表示 关于 或 有关
ᠡᠴᠡᠶᠢ, 表示 愿望 或 希望
ᠡᠳᠡᠨ, 表示 充满 或 充实
ᠡᠶᠢᠷᠡᠯ, 表示 关心 或 在意
ᠠᠷᠤᠳᠤᠷ, 表示 带来 或 引起
ᠢᠬᠢ, 表示 状态 或 情感
ᠠᠷᠢᠶᠠᠲᠦᠷ, 表示 表现 或 展示
ᠡᠰᠠᠢ, 表示 尝试 或 试图
ᠡᠯᠡᠬᠢ, 表示 类似于 或 相似
ᠠᠷᠢᠲᠦᠷᠡᠯ, 表示 掌握 或 精通
ᠡᠷᠢᠳᠡᠰ, 表示 亲自 或 自己
ᠡᠷᠡᠢᠬᠡᠯ, 表示 可能 或 可以
ᠡᠦᠭᠦᠨ, 表示 目标 或 目的
ᠡᠳᠦᠭᠡᠨ, 表示 已经 或 曾经
ᠠᠶᠠᠭᠤ, 表示 追求 或 寻找
ᠣᠳᠣᠪ, 表示 远离 或 离开
ᠡᠭᠦᠭᠡᠢ, 表示 继续 或 持续
ᠣᠷᠢᠷ, 表示 反复 或 多次
ᠡᠮᠡᠴᠡᠷ, 表示 发生 或 产生
ᠡᠲᠦᠷ, 表示 状态 或 情况
ᠢᠷᠡᠬᠤ, 表示 遭受 或 经历
ᠡᠳᠡᠨᠡᠢ, 表示 一种 或 一种类型的
ᠠᠢᠨᠡᠢ, 表示 一样的 或 相似
ᠢᠳᠦᠯ, 表示 特性 或 性质
ᠠᠢᠷᠡᠬᠡᠢ, 表示 有关 或 关于
ᠡᠴᠡᠷᠡᠢ, 表示 有意图 或 打算
ᠠᠶᠠᠢᠷᠡᠯ, 表示 讨论 或 谈论
ᠢᠷᠠᠳᠦᠲᠡᠷ, 表示 拥有 或 具备
ᠠᠷᠠᠰ, 表示 行为 或 动作
ᠢᠷᠡᠬᠡᠯᠢᠢᠲᠡᠦᠷ, 表示 描述 或 解释
ᠡᠪᠦᠳᠤᠲᠦᠷ, 表示 表现 或 展示
ᠣᠪᠣᠲᠣᠷ, 表示 处理 或 解决
ᠡᠪᠡᠯᠡᠳᠦᠷ, 表示 参与 或 涉及
ᠡᠴᠡᠳᠤᠲᠡᠦᠷ, 表示 负责 或 管理
ᠡᠪᠡᠭᠡᠢ, 表示 获得 或 取得
ᠠᠢᠷᠡᠲᠤᠷ, 表示 发现 或 找到
ᠡᠪᠡᠷᠡᠢ, 表示 理解 或 明白
ᠡᠬᠡᠢᠲᠦᠷ, 表示 参与 或 加入
ᠢᠷᠡᠬᠡᠯᠢ, 表示 描述 或 阐述
ᠡᠶᠡᠷ, 表示 打算 或 计划
ᠠᠷᠢᠢᠲᠦᠷ, 表示 控制 或 管理
ᠡᠬᠡᠢᠶᠠᠲᠦᠷ, 表示 参加 或 加入
ᠢᠷᠡᠳᠦᠲᠡᠷ, 表示 拥有 或 持有
ᠡᠬᠡᠷᠢᠢᠲᠡᠦᠷ, 表示 掌握 或 精通
ᠡᠪᠡᠲᠦᠲᠡᠷ, 表示 表现  或 展示
ᠢᠷᠡᠲᠡᠲᠤᠷ, 表示 关于 或 有关
ᠡᠭᠦᠤᠳᠡᠢ, 表示 继续 或 持续
ᠠᠷᠤᠤᠲᠡᠦᠷ, 表示 使用 或 运用
ᠡᠦᠡᠳᠡᠢ, 表示 展示 或 展现
ᠡᠶᠡᠷᠡᠢ, 表示 计划 或 打算
ᠠᠲᠦᠲᠡᠷ, 表示 展示 或 表现
ᠡᠳᠡᠲᠡᠲᠦᠷ, 表示 表现 或 展示
ᠠᠢᠯᠡᠯ, 表示 包括 或 包含
ᠡᠪᠠᠯᠦᠲᠡᠷ, 表示 掌握 或 精通
ᠠᠦᠢᠶᠠᠲᠦᠷ, 表示 参与 或 加入
ᠢᠷᠡᠬᠡᠯᠡᠬ, 表示 考虑 或 思考
ᠡᠪᠡᠷᠡᠭᠡᠷ, 表示 理解 或 明白
ᠤᠰᠤ, 表示 充满 或 充溢
ᠳᠤ, 表示 和 或 一起
ᠡᠮᠦᠯ, 表示 多 或 多个
ᠡᠶᠢ, 表示 可能 或 可以
ᠥᠨ, 表示 的 或 属于
ᠡᠰᠠᠭᠤ, 表示 方式 或 方法
ᠣᠷᠢᠷ, 表示 反复 或 多次
ᠡᠮᠡᠴᠡᠷ, 表示 发生 或 产生
ᠡᠲᠦᠷ, 表示 状态 或 情况
ᠢᠷᠡᠬᠤ, 表示 遭受 或 经历
ᠡᠳᠡᠨᠡᠢ, 表示 一种 或 一种类型的
ᠠᠢᠨᠡᠢ, 表示 一样的 或 相似
ᠢᠳᠦᠯ, 表示 特性 或 性质
ᠠᠢᠷᠡᠬᠡᠢ, 表示 有关 或 关于
ᠡᠴᠡᠷᠡᠢ, 表示 有意图 或 打算
ᠠᠶᠠᠢᠷᠡᠯ, 表示 讨论 或 谈论
ᠢᠷᠠᠳᠦᠲᠡᠷ, 表示 拥有 或 具备
ᠠᠷᠠᠰ, 表示 行为 或 动作
ᠢᠷᠡᠬᠡᠯᠢᠢᠲᠡᠦᠷ, 表示 描述 或 解释
ᠡᠪᠦᠳᠤᠲᠦᠷ, 表示 表现 或 展示
ᠣᠪᠣᠲᠣᠷ, 表示 处理 或 解决
ᠤᠤᠢ, 表示 足够的
ᠡᠬᠡᠭ, 表示 比较
ᠡᠽᠡᠯ, 表示 位置 或 方向
ᠡᠷᠡᠯ, 表示 相同的
ᠡᠮᠡᠭ, 表示 工作 或 职业
ᠣᠨᠠ, 表示 属于
ᠡᠰᠠᠳ, 表示 性格 或 个性
ᠡᠲᠡᠢᠢᠨ, 表示 小的
ᠳᠡᠷ, 表示 拥有 或 具有
ᠪᠠᠭᠤ, 表示 物体
ᠡᠽᠢᠨ, 表示 无法 或 不可能
ᠡᠷᠢᠯ, 表示 发生 或 发展
ᠤᠰᠢ, 表示 多
ᠠᠴᠤᠯ, 表示 做 或 从事
ᠳᠡᠷᠤᠨ, 表示 拥有的
,表示 追求
ᠡ,表示 特定的
ᠣᠨ,表示 持有
ᠤ,表示 包含
ᠤ,表示 情感
ᠮ,表示 遭受
ᠠ,表示 言语
ᠢ,表示 产生
ᠤ,表示 去
ᠦᠢ,表示 考虑
ᠡ,表示 管理
ᠷ,表示 又
ᠨ,表示 负责
ᠭ,表示 居住地
ᠥ,表示 可以
ᠳ,表示 思考
ᠰ,表示 可以
ᠷ,表示 有颜色的
ᠥ,表示 小的
ᠠᠯ,表示 多
ᠤ,表示 学校
ᠢ,表示 无法
ᠠ,表示 习惯于
ᠡ,表示 学院
ᠯ,表示 富有
ᠬᠡ,表示 包含
ᠨ,表示 特征
ᠡ,表示 阶段
ᠣ,表示 一些
ᠯ,表示 可
ᠡ,表示 拥有
ᠯ,表示 关心
ᠮ,表示 关于
ᠲ,表示 表现
ᠪ,表示 快速
ᠤ,表示 参加
ᠬ,表示 思考
ᠯ,表示 丰富
ᠷᠡ,表示 习惯于
ᠮ,表示 居住地
ᠣᠨᠠ,表示 形状
ᠰ,表示 像
ᠡ,表示 工作
ᠡ,表示 在一起
ᠤ,表示 言语
ᠡᠽ,表示 学习
ᠢ,表示 远离
ᠢ,表示 强烈
ᠯ,表示 关联于
ᠷᠤ,表示 范围
ᠷᠠᠳ,表示 学院
ᠷ,表示 持续
ᠡᠶ,表示 从事
ᠨ,表示 学院
ᠡᠳ,表示 参加
ᠷᠢᠨ,表示 方法
ᠦᠰ,表示 一种
ᠡ,表示 愿望
ᠯᠦ,表示 位置
ᠷ,表示 颜色
ᠠᠳ,表示 快速
ᠳ,表示 关联
ᠶᠢ,表示 远离
ᠡ,表示 后代
ᠦᠢ,表示 尝试
ᠡ,表示 强烈
ᠬ,表示 经历
ᠠ,表示 居民
ᠠᠶᠠ,表示 追求
ᠭ,表示 关联的
ᠷ,表示 做
ᠬᠡ,表示 遭受
ᠭᠠ,表示 寻找
ᠡ,表示 参加
ᠨ,表示 富含
ᠮᠡᠳ,表示 学院
ᠢ,表示 部分
ᠢᠶ,表示 具备
ᠦᠦ,表示 使用
ᠭ,表示 产生
ᠡ,表示 理解
ᠴᠢᠢᠯ,表示 解决
ᠢᠳᠡᠯ,表示 处理
ᠤ,表示 希望
ᠳᠦ,表示 类似于
ᠠ,表示 物体
ᠡᠭᠡ,表示 意图
ᠡᠷ,表示 和
ᠦ,表示 强烈
ᠳ,表示 聚会
ᠢ,表示 有关
ᠨ,表示 多次
ᠥ,表示 展示
ᠡ,表示 每个
ᠡ,表示 谈论
ᠦ,表示 可能的
ᠶ,表示 意图
ᠡ,表示 所属
ᠡ,表示 性别
ᠳᠡᠯᠡ,表示 带来
ᠲ,表示 地方
ᠢ,表示 持有
ᠡᠪᠦ,表示 充溢
ᠥᠷ,表示 足够的
ᠭᠡ,表示 考虑
ᠶᠢᠢ,表示 强烈
ᠣ,表示 出生于
ᠦ,表示 目的
ᠭᠡᠨ,表示 每一
ᠪ,表示 状态
ᠡ,表示 解释
ᠤᠷ,表示 动作
ᠦ,表示 友谊
ᠮ,表示 在意
ᠡᠭᠡ,表示 将来
ᠢᠨ,表示 许多
ᠴᠡᠭᠦᠷ,表示 获得
ᠪ,表示 在意
ᠡ,表示 小
ᠢ,表示 喜欢
ᠢ,表示 有人
ᠤ,表示 从事
ᠤ,表示 一种类型的
ᠤ,表示 有颜色的
ᠯᠴ,表示 器具
ᠶ,表示 经常
ᠭᠡᠳ,表示 理解
ᠭ,表示 关于
ᠤ,表示 工作
ᠡᠢ,表示 不停
ᠯ,表示 谁
ᠯᠡ,表示 区域
ᠨ,表示 故事
ᠮ,表示 继续
ᠤ,表示 急促
ᠥ,表示 时刻
ᠭ,表示 相同的
ᠡ,表示 传说
ᠤ,表示 带来
ᠤᠯ,表示 目的
ᠠᠶ,表示 足够的
ᠦ,表示 颜色
ᠷ,表示 在一起
ᠢ,表示 场所
ᠯ,表示 管理
ᠷ,表示 农场
ᠤ,表示 数量
ᠳ,表示 行家
ᠡ,表示 时间
ᠳ,表示 小
ᠳ,表示 考虑
ᠭ,表示 时间
ᠯ,表示 追求
ᠭ,表示 所有
ᠲ,表示 继续
ᠢ,表示 拥有的
ᠦ,表示 未来
ᠦ,表示 居住地
ᠶ,表示 获得
ᠢ,表示 能力
ᠨ,表示 一起
ᠢ,表示 希望
ᠨ,表示 可能
ᠷ,表示 具有特定特征的
ᠷ,表示 获得
ᠡᠳᠦᠷ,表示 学院
ᠭ,表示 获得
ᠡᠽᠡ,表示 管理
ᠢ,表示 所有
ᠦᠳ,表示 个性
ᠲ,表示 计划
ᠠ,表示 能够
ᠡ,表示 特定种类的
ᠯᠡ,表示 颜色
ᠢ,表示 属于
ᠯ,表示 继续
ᠨ,表示 类似于
ᠡ,表示 出生于
ᠷᠡ,表示 我的
ᠡ,表示 时间段
ᠷ,表示 亲自
ᠢᠳ,表示 喜欢
ᠢ,表示 农村地区
ᠡᠷ,表示 频繁
ᠡ,表示 曾经
ᠡᠭ,表示 阶段
ᠨᠴ,表示 几个
ᠨ,表示 无法
ᠷᠤᠯ,表示 频繁
ᠡᠨ,表示 每个
ᠣ,表示 被
ᠷ,表示 多
ᠡ,表示 一点点
ᠰᠦᠨ,表示 展示
ᠦ,表示 有关
ᠦᠭ,表示 方向
ᠦ,表示 富含
ᠡᠷ,表示 十分
ᠢᠲ,表示 阐述
ᠢ,表示 类似于
ᠡ,表示 包括
ᠦ,表示 年轻的
ᠰ,表示 获得
ᠷᠤᠳᠤ,表示 精通
ᠡᠴ,表示 家族
ᠡ,表示 控制
ᠶ,表示 继续
ᠠ,表示 离开
ᠬᠢ,表示 喜欢
ᠦ,表示 十分
ᠰᠠ,表示 所属
ᠬ,表示 几个
ᠡ,表示 能够
ᠢ,表示 数量
ᠢᠬ,表示 居住地
ᠦ,表示 又
ᠡ,表示 同样
ᠶ,表示 充实
ᠳᠣ,表示 一样
ᠢ,表示 远离
ᠢ,表示 学校
ᠡᠮᠡ,表示 曾经
ᠲ,表示 描述
ᠷᠡᠬ,表示 以前
ᠨ,表示 故事
ᠡ,表示 居住地
ᠢ,表示 年轻的
ᠡᠬᠡ,表示 遭受
ᠴᠡᠷ,表示 意图
ᠶ,表示 器具
ᠠ,表示 行家
ᠠᠷ,表示 以便
ᠷ,表示 为了
ᠦ,表示 一点点
ᠲᠣ,表示 没有
ᠡ,表示 场所
ᠡ,表示 每
ᠪᠡ,表示 愿望
ᠲ,表示 居民
ᠢ,表示 发展
ᠡ,表示 过去
ᠷ,表示 我的
ᠡ,表示 时间
ᠢ,表示 富含
ᠲ,表示 器具
ᠡᠳᠦ,表示 方法
ᠬ,表示 有意图
ᠡᠲ,表示 以前
ᠡ,表示 行为
ᠦ,表示 有很多的
ᠦᠷ,表示 后代
ᠡᠦ,表示 友谊
ᠶᠡ,表示 一种
ᠡ,表示 加入
ᠲ,表示 可能的
ᠯ,表示 发生
ᠠ,表示 富有
ᠢ,表示 参加
ᠢ,表示 儿子
ᠭ,表示 的
ᠤ,表示 强烈
ᠳ,表示 每个
ᠯ,表示 给
ᠢ,表示 充满
ᠥ,表示 集合
ᠠᠭ,表示 人
ᠢᠷ,表示 相同
ᠡᠷ,表示 许多
ᠡ,表示 学习
ᠬᠤ,表示 性别
ᠨ,表示 个性
ᠨ,表示 和
ᠦᠯ,表示 遭受
ᠬ,表示 我的
ᠡ,表示 特定种类的
ᠠ,表示 相同的
ᠳ,表示 再
ᠠ,表示 考虑
ᠡᠯᠢ,表示 专家
ᠪᠦ,表示 小
ᠣ,表示 一样
ᠤ,表示 附近
ᠡᠬ,表示 特征
ᠽᠡᠯ,表示 解决
ᠷ,表示 充满
ᠡ,表示 特定的
ᠠ,表示 爱
ᠡᠰᠠ,表示 找到
ᠲᠡᠢᠢᠨ,表示 考虑
ᠡᠷ,表示 重复
ᠪ,表示 关系
ᠢ,表示 关心
ᠡ,表示 物体
ᠤ,表示 后代
ᠠᠴ,表示 目标
ᠨ,表示 样子
ᠡᠭ,表示 数量
ᠯ,表示 同样
ᠣ,表示 儿子
ᠮ,表示 可能的
ᠤ,表示 拥有
ᠦ,表示 家族
ᠠ,表示 引起
ᠷ,表示 曾经
ᠤ,表示 像
ᠭ,表示 特征
ᠡ,表示 类似
ᠦ,表示 特定种类的
ᠥ,表示 个性
ᠢᠭ,表示 解释
ᠥᠤᠯ,表示 相似
ᠳ,表示 饭菜
ᠡ,表示 以便
ᠡ,表示 阐述
ᠴ,表示 可能的
ᠯ,表示 行为
ᠤ,表示 有颜色的
ᠢ,表示 性别
ᠠ,表示 区域
ᠭ,表示 时刻
ᠢ,表示 一些
ᠬ,表示 运用
ᠡ,表示 在一起
ᠯ,表示 言语
ᠣᠮ,表示 展示
ᠡ,表示 寻找
ᠴᠡ,表示 曾经
ᠲ,表示 目的地
ᠵ,表示 多个
ᠡ,表示 饭菜
ᠠ,表示 经历
ᠤ,表示 一样
ᠬᠡ,表示 居住地
ᠽ,表示 关系
ᠷᠡ,表示 十分
ᠮ,表示 的人
ᠨ,表示 行家
ᠠ,表示 工作
ᠡᠲᠡᠢᠢᠨ,表示 相同的
ᠳᠡᠷ,表示 一种类型的
ᠪ,表示 方法
ᠽ,表示 给
ᠷ,表示 一种
ᠰ,表示 理解
ᠴ,表示 类似
ᠷ,表示 场所
ᠳ,表示 解释
ᠠᠷ,表示 一样的
ᠢ,表示 器具
ᠨ,表示 在意
ᠭ,表示 表现
ᠷᠢᠨ,表示 参与
ᠦ,表示 多个
ᠢ,表示 我
ᠭ,表示 容易
ᠡ,表示 行为
ᠠ,表示 明白
ᠡ,表示 了解
ᠡ,表示 经常
ᠡ,表示 有颜色的
ᠢ,表示 性别
ᠡ,表示 类似于
ᠬ,表示 充溢
ᠠ,表示 相同的
ᠳ,表示 方向
ᠤ,表示 引起
ᠷᠦ,表示 充溢
ᠢ,表示 家族
ᠤ,表示 富有
ᠡ,表示 离开
ᠨ,表示 关联
ᠦ,表示 涉及
ᠰ,表示 家庭
ᠢᠶ,表示 子女
ᠦ,表示 一些
ᠭ,表示 丰富
ᠨ,表示 考虑
ᠤᠴ,表示 寻找
ᠡ,表示 也
ᠯ,表示 具有特定特征的
ᠡᠳ,表示 负责
ᠯ,表示 范围
ᠡᠳᠡ,表示 已经
ᠡ,表示 故事
ᠯ,表示 出生于
ᠯ,表示 负责
ᠷᠢ,表示 充溢
ᠢ,表示 领域
ᠥᠷ,表示 展现
ᠡ,表示 活动
ᠡᠢ,表示 目的
ᠲᠦ,表示 理解
ᠢᠶᠢ,表示 熟悉
ᠰ,表示 展现
ᠴᠢ,表示 容易做
ᠯᠡ,表示 处理
ᠰ,表示 多次
ᠦ,表示 有人
ᠪᠦᠷ,表示 每
ᠥ,表示 年轻的
ᠡ,表示 特定种类的
ᠢᠵ,表示 经常
ᠷ,表示 理解
ᠨ,表示 阶段
ᠡ,表示 时刻
ᠪ,表示 了解
ᠴ,表示 熟悉
ᠤᠷᠦ,表示 家庭
ᠲᠦ,表示 同样
ᠮ,表示 小
ᠰᠡᠭᠡᠳ,表示 区域
ᠮᠦ,表示 表现
ᠭ,表示 关系
ᠪ,表示 关心
ᠢ,表示 可能
ᠢᠶ,表示 附近
ᠯᠡ,表示 一种
ᠨ,表示 样子
ᠬ,表示 关联
ᠤ,表示 具备
ᠯ,表示 多次
ᠢ,表示 类似
ᠡ,表示 特定种类的
ᠡ,表示 关联
ᠢᠤᠤ,表示 地点
ᠡ,表示 时间段
ᠣ,表示 熟悉
ᠯ,表示 动作
ᠠ,表示 居民
ᠠᠮᠠ,表示 属于
ᠷ,表示 充满
ᠥ,表示 的人
ᠭᠡᠲ,表示 多
ᠡ,表示 展示
ᠷ,表示 学院
ᠯ,表示 谁
ᠠᠶ,表示 为了
ᠡ,表示 颜色
ᠷᠤ,表示 经历
ᠨ,表示 故事
ᠡᠳᠡ,表示 性格
ᠠ,表示 相同的
ᠤ,表示 运用
ᠤ,表示 展示
ᠲᠠ,表示 学院
ᠳ,表示 样子
ᠳ,表示 也
ᠡ,表示 有人
ᠥᠯ,表示 目的
ᠡ,表示 有意图
ᠲ,表示 一种类型的
ᠠ,表示 不停
ᠦ,表示 以前
ᠦ,表示 特定种类的
ᠠ,表示 也
ᠢᠨ,表示 喜欢
ᠨ,表示 工作
ᠡᠢ,表示 后代
ᠠᠯ,表示 为了
ᠠ,表示 试图
ᠳᠡ,表示 的人
ᠦ,表示 获得
ᠭ,表示 附近
ᠡ,表示 方法
ᠡᠲ,表示 发展
ᠦ,表示 展现
ᠤ,表示 亲自
ᠳᠡᠶ,表示 常常
ᠡ,表示 从事
ᠢ,表示 离开
ᠣᠢᠭ,表示 具有特定特征的
ᠡ,表示 我的
ᠨ,表示 位置
ᠡ,表示 已经
ᠷ,表示 自己
ᠡ,表示 解决
ᠡ,表示 儿子
ᠢ,表示 学校
ᠢ,表示 一种类型的
ᠶᠡ,表示 了解
ᠡ,表示 领域
ᠡ,表示 持有
ᠣᠨᠴᠢ,表示 反复
ᠤ,表示 农村地区
ᠷ,表示 不停
ᠳ,表示 子女
ᠢ,表示 获得
ᠠ,表示 拥有
ᠷ,表示 有人
ᠰ,表示 相同的
ᠳᠦᠬ,表示 找到
ᠭ,表示 足够的
ᠦ,表示 的地方
ᠷ,表示 言语
ᠢ,表示 产生
ᠷᠢᠬ,表示 熟练
ᠡ,表示 人
ᠲ,表示 习惯于
ᠡ,表示 没有
ᠤ,表示 性格
ᠶ,表示 一些
ᠡᠳᠡᠨ,表示 目标
ᠶᠢ,表示 惯于
ᠷ,表示 所属
ᠢ,表示 目的地
ᠶ,表示 充实
ᠰ,表示 惯于
ᠡᠬ,表示 我
ᠢ,表示 参加
ᠷᠢᠳᠡ,表示 居住地
ᠡᠯ,表示 关系
ᠦ,表示 多次
ᠡᠳᠦᠭ,表示 尝试
ᠠ,表示 性格
ᠣ,表示 集合
ᠭ,表示 农场
ᠷ,表示 出生于
ᠡ,表示 远离
ᠡᠲ,表示 寻找
ᠬᠤ,表示 工作
ᠡ,表示 目的
ᠢᠨᠡᠢ,表示 有
ᠳ,表示 可
ᠢᠷᠡᠬᠡ,表示 小的
ᠷᠡ,表示 一起
ᠶᠠ,表示 强烈
ᠦ,表示 足够的
ᠠ,表示 每个
ᠡᠯᠢᠢᠲᠡ,表示 运用
ᠪ,表示 加入
ᠣ,表示 可能性
ᠳ,表示 职业
ᠡ,表示 聚会
ᠡᠪ,表示 关于
ᠤ,表示 以前
ᠡᠢ,表示 小的
ᠬ,表示 目的地
ᠡ,表示 了解
ᠡ,表示 展示
ᠦ,表示 之一
ᠦ,表示 农村地区
ᠦᠲ,表示 遭受
ᠢᠲ,表示 工作
ᠲᠡ,表示 家族
ᠲ,表示 有
ᠢ,表示 关联的
ᠠ,表示 时间段
ᠡᠦᠡᠳ,表示 产生
ᠡᠶᠡᠷ,表示 饮食
ᠦ,表示 多次
ᠡᠲ,表示 遭受
ᠠᠢ,表示 参与
ᠦᠲ,表示 居住地
ᠦ,表示 学院
ᠯ,表示 一种
ᠡ,表示 所有
ᠤ,表示 一种
ᠤ,表示 地方
ᠡᠮᠦ,表示 方向
ᠢ,表示 情况
ᠨ,表示 可以
ᠭ,表示 专家
ᠣ,表示 无法
ᠴ,表示 言语
ᠡ,表示 精通
ᠬ,表示 儿子
ᠡ,表示 食物
ᠡ,表示 心情
ᠦ,表示 有关
ᠷᠡ,表示 产生
ᠡ,表示 关联
ᠡ,表示 加入
ᠠ,表示 关联的
ᠠ,表示 获得
ᠡ,表示 容易
ᠤᠲᠦ,表示 亲自
ᠣ,表示 考虑
ᠤ,表示 后代
ᠭ,表示 展示
ᠡ,表示 属于
ᠷ,表示 富含
ᠮᠡ,表示 熟悉
ᠠ,表示 包含
ᠰᠠ,表示 感觉
ᠢ,表示 足够的
ᠡ,表示 关联于
ᠠ,表示 关系
ᠢ,表示 地区
ᠡᠷ,表示 时间段
ᠤ,表示 展示
ᠠ,表示 领土
ᠤᠨ,表示 位置
ᠭ,表示 有人
ᠡᠯ,表示 可能性
ᠨ,表示 强烈
ᠤᠮ,表示 关联
ᠭ,表示 可能
ᠡ,表示 做
ᠠᠯᠢ,表示 活动
ᠷᠢ,表示 表现
ᠤᠨ,表示 能够
ᠦᠢ,表示 目的
ᠶᠦᠭ,表示 远离
ᠳᠡ,表示 发展
ᠨ,表示 家族
ᠴ,表示 之一
ᠥ,表示 同样
ᠡ,表示 时刻
ᠡᠰ,表示 工具
ᠳ,表示 容易
ᠴ,表示 容易做
ᠯᠲᠠ,表示 解决
ᠤᠨ,表示 具有特定特征的
ᠢᠰ,表示 食物
ᠷᠤᠳᠠ,表示 快速
ᠡᠭᠡᠷ,表示 远离
ᠢᠶ,表示 负责
ᠦᠬ,表示 相似
ᠡᠭ,表示 足够的
ᠡ,表示 同样
ᠮᠣ,表示 计划
ᠡ,表示 处理
ᠡᠴ,表示 特性
ᠯᠲ,表示 为
ᠡ,表示 出生于
ᠭ,表示 一种类型的
ᠪᠠ,表示 居住地
ᠤ,表示 可能
ᠬᠡ,表示 充实
ᠽ,表示 解决
ᠡᠯ,表示 出生于
ᠭ,表示 特定的
ᠨ,表示 许多
ᠳ,表示 农村地区
ᠲᠡ,表示 特定的
ᠳ,表示 试图
ᠠᠭ,表示 场所
ᠢ,表示 参加
ᠯ,表示 集合
ᠤᠰ,表示 情感
ᠴ,表示 急促
ᠡᠷ,表示 所属
ᠠ,表示 像
ᠳᠠᠷ,表示 性格
ᠢ,表示 每一
ᠨ,表示 取得
ᠡ,表示 发现
ᠷ,表示 有可能
ᠰ,表示 十分
ᠳ,表示 饭菜
ᠢᠯᠦ,表示 充满
ᠯ,表示 具有特定特征的
ᠳᠡ,表示 精通
ᠦ,表示 寻找
ᠢᠨ,表示 容易做
ᠢ,表示 展现
ᠡ,表示 有很多的
ᠡᠯᠡ,表示 特性
ᠡ,表示 每一
ᠷ,表示 有关
ᠠ,表示 饮食
ᠤᠯ,表示 具有特定特征的
ᠦ,表示 亲自
ᠢᠬ,表示 快速
ᠤᠭ,表示 习惯于
ᠳᠠ,表示 性格
ᠤᠨ,表示 特性
ᠡᠳᠦ,表示 阐述
ᠢᠭ,表示 每
ᠶ,表示 情感
ᠦ,表示 几个
ᠭ,表示 每
ᠢ,表示 具有
ᠢᠯ,表示 具有
ᠡ,表示 有意图
ᠤᠨ,表示 从事
ᠮᠡᠳᠦ,表示 展示
ᠲᠠ,表示 取得
ᠳ,表示 惯于
ᠡᠷ,表示 计划
ᠦ,表示 的
ᠡᠯᠡᠳ,表示 有很多的
ᠢ,表示 年轻的
ᠨ,表示 去
ᠷ,表示 运用
ᠭ,表示 同样
ᠢᠢ,表示 附近
ᠦ,表示 富有
ᠶ,表示 充溢
ᠷ,表示 使得
ᠴᠢ,表示 控制
ᠳᠡᠯᠡᠲ,表示 相同
ᠣᠲᠦ,表示 行动
ᠦ,表示 非常
ᠦ,表示 情感
ᠥ,表示 负责
ᠷ,表示 富含
ᠡ,表示 谈论
ᠣᠷ,表示 讨论
ᠦᠨ,表示 喜欢
ᠭᠡ,表示 具备
ᠪ,表示 讨论
ᠡᠴᠡ,表示 来自
ᠤ,表示 地点
ᠡᠲᠦ,表示 相同
ᠡᠮ,表示 发生
ᠰᠡᠭ,表示 行家
ᠷ,表示 感觉
ᠡᠭ,表示 关联
ᠠ,表示 涉及
ᠡ,表示 表现
ᠥ,表示 展示
ᠯᠡ,表示 多次
ᠤ,表示 持有
ᠠ,表示 理解
ᠦᠭᠤᠨ,表示 足够的
ᠠᠯᠴᠠ,表示 工具
ᠶᠢ,表示 拥有的
ᠳᠡ,表示 反复
ᠡ,表示 多个
ᠦ,表示 具有
ᠢ,表示 展示
ᠭ,表示 领土
ᠯ,表示 反复
ᠨ,表示 参与
ᠠᠮᠠᠷ,表示 有可能
ᠷ,表示 经历
ᠥ,表示 谁
ᠲ,表示 目标
ᠳ,表示 具有
ᠤ,表示 关于
ᠯ,表示 方向
ᠶ,表示 引起
ᠭᠦᠭᠡ,表示 小
ᠡ,表示 有很多的
ᠨ,表示 运用
ᠡ,表示 的地方
ᠠ,表示 不可能
ᠤᠲ,表示 描述
ᠡᠳ,表示 行家
ᠡᠲ,表示 农村地区
ᠡ,表示 喜欢
ᠡᠳ,表示 来自
ᠡᠭ,表示 区域
ᠯᠦᠯ,表示 一些
ᠡᠭᠡ,表示 个性
ᠡᠲ,表示 连续
ᠠᠯᠠ,表示 意图
ᠨ,表示 展示
ᠦ,表示 负责
ᠠᠶ,表示 言语
ᠢ,表示 解释
ᠦᠨᠦ,表示 关联的
ᠲ,表示 去
ᠯᠠ,表示 许多
ᠠ,表示 领域
ᠷᠡᠳ,表示 关心
ᠡ,表示 一种
ᠡ,表示 将来
ᠮ,表示 爱
ᠡᠲᠡᠢ,表示 的
ᠤᠨ,表示 具有
ᠤᠳᠤᠮ,表示 居住地
ᠤ,表示 常常
ᠡᠭ,表示 关联于
ᠯ,表示 在一起
ᠭ,表示 故事
ᠯᠡ,表示 农村地区
ᠦ,表示 自己
ᠬ,表示 颜色
ᠳᠡᠷ,表示 去
ᠭᠢ,表示 已经
ᠡᠬ,表示 相同的
ᠳᠠᠢ,表示 所属
ᠨ,表示 状况
ᠶᠡᠷᠡ,表示 表现
ᠴᠡᠷ,表示 可
ᠡᠭ,表示 一样
ᠴᠢ,表示 家庭
ᠦ,表示 属于
ᠷᠤᠯ,表示 的
ᠳ,表示 运用
ᠣᠪᠢ,表示 管理
ᠠ,表示 有人
ᠷᠡ,表示 领土
ᠦ,表示 解决
ᠬ,表示 活动
ᠲᠦ,表示 方法
ᠰ,表示 目的
ᠡ,表示 足够的
ᠢ,表示 掌握
ᠢᠬ,表示 性格
ᠴᠡᠢ,表示 充实
ᠲᠦ,表示 动作
ᠰ,表示 包括
ᠳ,表示 描述
ᠡᠴᠡᠶ,表示 从事
ᠡ,表示 相似
ᠶᠢᠷᠡ,表示 富有
ᠷᠤᠳ,表示 做
ᠬ,表示 谁
ᠠ,表示 行家
ᠡ,表示 学习
ᠡ,表示 表现
ᠢᠲᠦᠷ,表示 解释
ᠳᠡ,表示 使得
ᠡᠯ,表示 彼此
ᠦ,表示 再次
ᠳᠦ,表示 获得
ᠠᠶᠠ,表示 已经
ᠳᠣᠪ,表示 持有
ᠢ,表示 试图
ᠷ,表示 同样
ᠴᠡᠷ,表示 动作
ᠡ,表示 心情
ᠷ,表示 又
ᠡᠳᠡᠨᠡ,表示 职业
ᠢ,表示 快速
ᠦᠯ,表示 情感
ᠢᠷᠡᠬᠡᠢ,表示 年轻的
ᠡ,表示 聚会
ᠷ,表示 思考
ᠠᠳᠦᠲ,表示 考虑
ᠷ,表示 一样
ᠯᠢᠢ,表示 一种类型的
ᠦᠳ,表示 行动
ᠣᠷ,表示 地点
ᠪᠡᠯ,表示 关系
ᠡ,表示 试图
ᠭ,表示 思考
ᠠᠢᠷᠡᠲᠤᠷ,表示 掌握
ᠷᠡ,表示 我
ᠬᠡᠢᠲᠦ,表示 数量
ᠬᠡᠯ,表示 食物
ᠶᠡ,表示 运用
ᠲᠦ,表示 每一
ᠠ,表示 个性
ᠷ,表示 解决
ᠷᠢᠢᠲᠡ,表示 亲自
ᠲᠡᠷ,表示 熟练
ᠲ,表示 使得
ᠭᠦ,表示 出生于
ᠤᠤᠲᠡ,表示 一样
ᠳ,表示 附近
ᠶᠡᠷ,表示 相对于
ᠡᠷ,表示 家庭
ᠳᠡᠲᠡᠲᠦ,表示 关心
ᠢ,表示 范围
ᠡᠪᠠ,表示 包括
ᠦ,表示 了解
ᠡᠬᠡᠯᠡᠬ,表示 展现
ᠷ,表示 持有
ᠰᠤ,表示 喜欢
ᠳᠤ,表示 亲自
ᠮᠦᠯ,表示 领域
ᠶ,表示 子女
ᠥᠨ,表示 包括
ᠡᠰ,表示 自己
ᠷᠢᠷ,表示 具有特定特征的
ᠡᠮ,表示 所属
ᠡᠲᠦᠷ,表示 展现
ᠬ,表示 取得
ᠨᠡ,表示 目的
ᠨᠡ,表示 参与
ᠦᠯ,表示 一种
ᠷᠡᠬᠡ,表示 器具
ᠴᠡᠷᠡ,表示 经常
ᠠᠢᠷᠡᠯ,表示 颜色
ᠳ,表示 附近
ᠠ,表示 有颜色的
ᠷ,表示 专家
ᠦ,表示 性质
ᠣ,表示 谁
ᠢ,表示 小
ᠡᠬᠡ,表示 每个
ᠡᠯ,表示 一种类型的
ᠡᠯ,表示 一种
ᠭ,表示 许多
ᠣᠨ,表示 可能的
ᠰᠠ,表示 行家
ᠡᠲ,表示 有颜色的
ᠳᠡ,表示 农场
ᠭᠤ,表示 集合
ᠽ,表示 以前
ᠷ,表示 试图
ᠰᠢ,表示 饭菜
ᠤᠯ,表示 反复
ᠷ,表示 谈论
ᠡᠭ,表示 行动
ᠡ,表示 获得
ᠨ,表示 包含
ᠤ,表示 学校
ᠭ,表示 包含
ᠮᠦᠷ,表示 发生
ᠠᠶᠠᠯᠢ,表示 类似
ᠠ,表示 外观
ᠤ,表示 来自
ᠦᠢ,表示 发生
ᠶ,表示 出生于
ᠭᠦ,表示 自己
ᠥᠨ,表示 过去
ᠢ,表示 一样的
ᠥ,表示 离开
ᠳ,表示 之一
ᠡ,表示 经历
ᠷ,表示 学院
ᠥᠭᠤ,表示 掌握
ᠯ,表示 非常
ᠤ,表示 描述
ᠢ,表示 关系
ᠠ,表示 方式
ᠡ,表示 熟悉
ᠯ,表示 目标
ᠦᠬ,表示 惯于
ᠡᠨ,表示 学院
ᠡ,表示 找到
ᠣᠮ,表示 性质
ᠯ,表示 儿子
ᠡ,表示 一样
ᠲᠦᠰ,表示 年轻
ᠮ,表示 一种
ᠲ,表示 将来
ᠡᠪᠠᠷ,表示 急促
ᠤ,表示 频繁
ᠬ,表示 附近
ᠡᠽ,表示 一种类型的
ᠷᠡ,表示 关于
ᠮ,表示 一起
ᠣ,表示 故事
ᠰ,表示 无法
ᠲᠡ,表示 谈论
ᠡ,表示 习惯于
ᠤ,表示 每
ᠡᠽᠢ,表示 具备
ᠢ,表示 展示
ᠰᠢ,表示 参与
ᠴᠤ,表示 能力
ᠤᠨ,表示 年轻
ᠡᠷᠠ,表示 频繁
ᠷᠢ,表示 行家
ᠢ,表示 可以
ᠨ,表示 后代
ᠡᠳ,表示 了解
ᠢ,表示 持续
ᠦᠰ,表示 加入
ᠡ,表示 关联于
ᠯᠦ,表示 熟悉
ᠷ,表示 故事
ᠡ,表示 目的地
ᠯᠦᠳ,表示 经历
ᠢ,表示 类似于
ᠡ,表示 发生
ᠭ,表示 理解
ᠡ,表示 性别
ᠬ,表示 熟悉
ᠠᠷᠲ,表示 可
ᠠᠶᠠᠳᠤ,表示 一点点
ᠡᠭ,表示 能力
ᠷ,表示 持续
ᠢᠬ,表示 学习
ᠤᠭᠠ,表示 友谊
ᠡᠯᠢᠳ,表示 急促
ᠨ,表示 没有
ᠡᠮᠡᠳᠦ,表示 引起
ᠭ,表示 我
ᠢᠶᠡᠯ,表示 居民
ᠦ,表示 思考
ᠠᠭ,表示 关联的
ᠡ,表示 心情
ᠢ,表示 集合
ᠬᠢᠳ,表示 所属
ᠤ,表示 时间
ᠡᠳᠦ,表示 有可能
ᠠ,表示 了解
ᠡᠭ,表示 包含
ᠯᠡ,表示 已经
ᠳᠦ,表示 经历
ᠡ,表示 涉及
ᠠᠷᠢ,表示 处理
ᠨ,表示 饮食
ᠷ,表示 掌握
ᠭᠡ,表示 喜欢
ᠡ,表示 学校
ᠦ,表示 范围
ᠢᠶᠢ,表示 有居民
ᠡ,表示 周围
ᠡ,表示 经历
ᠳᠡᠯᠡ,表示 的
ᠣᠲ,表示 不停
ᠴ,表示 没有
ᠪᠦ,表示 关心
ᠥ,表示 附近
ᠷ,表示 属于
ᠶᠢᠢ,表示 充实
ᠣᠷ,表示 非常
ᠦ,表示 集合
ᠭ,表示 个性
ᠡ,表示 负责
ᠡᠴ,表示 物体
ᠤ,表示 做
ᠦ,表示 周围
ᠡᠮᠦ,表示 计划
ᠰᠡᠭᠡ,表示 地方
ᠷᠢᠢᠨ,表示 展现
ᠷ,表示 离开
ᠪ,表示 连续
ᠢ,表示 拥有的
ᠢᠶ,表示 理解
ᠢᠯ,表示 参加
ᠤ,表示 解释
ᠤ,表示 特性
ᠤ,表示 农场
ᠠ,表示 不可能
ᠢ,表示 特定种类的
ᠡᠳᠡ,表示 有关
ᠭᠡ,表示 加入
ᠢᠤᠤ,表示 被
ᠬᠡ,表示 特定种类的
ᠭᠣᠯ,表示 数量
ᠯᠡᠯ,表示 附近
ᠨ,表示 来自
ᠠᠷ,表示 关系
ᠤ,表示 颜色
ᠥ,表示 学校
ᠭ,表示 地区
ᠳ,表示 集合
ᠤ,表示 关心
ᠤᠯ,表示 充溢
ᠶ,表示 关系
ᠦ,表示 的人
ᠷᠤ,表示 之一
ᠢ,表示 许多
ᠳ,表示 愿望
ᠠ,表示 给
ᠲ,表示 一点点
ᠤ,表示 部分
ᠡᠲ,表示 充溢
ᠳ,表示 尝试
ᠳ,表示 离开
ᠭ,表示 可以
ᠯ,表示 彼此
ᠡᠭ,表示 没有
ᠡᠲ,表示 急促
ᠠ,表示 关心
ᠦ,表示 一种类型的
ᠡᠰᠦᠦᠨ,表示 不可能
ᠶ,表示 地区
ᠢ,表示 关系
ᠨ,表示 饭菜
ᠲ,表示 后代
ᠨ,表示 阐述
ᠷ,表示 引起
ᠷ,表示 特定种类的
ᠳᠦᠷ,表示 明白
ᠷᠡᠭᠡ,表示 类似于
ᠡᠽᠡ,表示 明白
ᠢ,表示 谈论
ᠳ,表示 在一起
ᠢᠲ,表示 运用
ᠠᠲᠤᠳᠡ,表示 一点点
ᠯᠡᠭᠡ,表示 有居民
ᠡ,表示 一样的
ᠣᠢᠭ,表示 追求
ᠯᠡ,表示 相同
ᠨ,表示 心情
ᠬᠡ,表示 阐述
ᠷᠡ,表示 有可能
ᠡ,表示 非常
ᠬᠡᠷ,表示 以前
ᠠᠯᠢᠳ,表示 多次
ᠢᠨ,表示 动作
ᠡᠷᠡᠯ,表示 处理
ᠡ,表示 反复
ᠡ,表示 语言
ᠴ,表示 掌握
ᠤᠨ,表示 已经
ᠤᠯ,表示 类似于
ᠷᠢᠳᠡᠨ,表示 类似
ᠣ,表示 连续
ᠷ,表示 快速
ᠷ,表示 再次
ᠦᠰᠦ,表示 再次
ᠳ,表示 富含
ᠭᠡᠢ,表示 地点
ᠦ,表示 发生
ᠡᠷᠡᠷ,表示 和
ᠢᠲᠢ,表示 足够的
ᠢ,表示 拥有
ᠴ,表示 加入
ᠦ,表示 十分
ᠰᠢ,表示 相对于
ᠳ,表示 已经
ᠡᠴᠡ,表示 加入
ᠡᠨ,表示 管理
ᠡᠶ,表示 明白
ᠠ,表示 相似
ᠬᠢ,表示 拥有的
ᠦ,表示 多个
ᠠᠢ,表示 继续
ᠡᠬ,表示 时刻
ᠷᠢᠲᠦᠷᠡ,表示 强烈
ᠢ,表示 希望
ᠬᠡᠯ,表示 拥有
ᠭᠦ,表示 展现
ᠡ,表示 时间
ᠭ,表示 以便
ᠣ,表示 方式
ᠢ,表示 农场
ᠢ,表示 特定的
ᠡᠮᠡᠴ,表示 属于
ᠲᠦᠷ,表示 形状
ᠡ,表示 农场
ᠡ,表示 行动
ᠨᠡ,表示 拥有的
ᠢ,表示 样子
ᠢᠷᠡᠬᠡᠢ,表示 领域
ᠡᠴᠡᠷᠡ,表示 相对于
ᠶ,表示 以便
ᠠ,表示 方法
ᠠ,表示 阶段
ᠲᠡ,表示 讨论
ᠦ,表示 考虑
ᠲᠣᠷ,表示 遭受
ᠯ,表示 行家
ᠡ,表示 专家
ᠪ,表示 学习
ᠲ,表示 所有
ᠪᠡ,表示 将来
ᠬᠡ,表示 无法
ᠢᠷᠡ,表示 连续
ᠡ,表示 周围
ᠢᠢ,表示 时间段
ᠡᠬᠡᠢᠶᠠᠲ,表示 从事
ᠡᠳᠦ,表示 儿子
ᠬ,表示 一种
ᠡᠪᠡᠲᠦᠲ,表示 强烈
ᠡ,表示 可能
ᠦ,表示 一种
ᠡ,表示 物体
ᠡᠦ,表示 具有
ᠶ,表示 几个
ᠲ,表示 地区
ᠡ,表示 涉及
ᠡ,表示 惯于
ᠠ,表示 拥有的
ᠢ,表示 展示
ᠢ,表示 包含
ᠷ,表示 附近
ᠤᠰ,表示 考虑
ᠳ,表示 追求
ᠯ,表示 之一
ᠢ,表示 为了
ᠥ,表示 一样的
ᠭ,表示 关联的
ᠷᠢ,表示 心情
ᠡᠮᠡᠴᠡᠷ,表示 使得
ᠡᠲᠦᠷ,表示 有颜色的
ᠬ,表示 希望
ᠡ,表示 言语
ᠢ,表示 故事
ᠢᠳᠦᠯ,表示 解决
ᠡ,表示 经历
ᠡ,表示 富含
ᠢ,表示 专家
ᠷᠠ,表示 方向
ᠠ,表示 容易做
ᠯᠢ,表示 几个
ᠤ,表示 有意图
ᠣ,表示 语言
ᠢ,表示 再次
ᠡᠬ,表示 拥有的
ᠡᠽᠡ,表示 居住地
ᠷ,表示 一些
ᠡᠮ,表示 情况
ᠠ,表示 所有
ᠠ,表示 有意图
ᠡᠲᠡᠢᠢ,表示 打算
ᠡᠷ,表示 目的地
ᠪ,表示 特征
ᠽᠢᠨ,表示 每
ᠡ,表示 比较
ᠰ,表示 一点点
ᠴ,表示 为了
ᠡᠷᠤ,表示 子女
ᠡᠭ,表示 一些
ᠡ,表示 富含
ᠣ,表示 居民
ᠤᠮ,表示 关联于
ᠤ,表示 思考
ᠦ,表示 自己
ᠠᠶ,表示 远离
ᠷ,表示 遭受
ᠤᠨ,表示 阐述
ᠭᠦ,表示 职业
ᠶ,表示 类似于
ᠦᠷ,表示 管理
ᠥ,表示 有居民
ᠭ,表示 部分
ᠥ,表示 情况
ᠳ,表示 负责
ᠡ,表示 颜色
ᠡᠷ,表示 一种类型的
ᠴ,表示 表现
ᠡᠯ,表示 具有
ᠤᠨ,表示 多
ᠢ,表示 使用
ᠠᠭ,表示 言语
ᠡᠭᠡ,表示 有
ᠯᠢᠶ,表示 所有
ᠬ,表示 领土
ᠡ,表示 数量
ᠡᠯ,表示 农场
ᠣᠮᠣ,表示 学校
ᠳᠡ,表示 关联于
ᠡ,表示 范围
ᠯᠲ,表示 和
ᠵ,表示 样子
ᠡᠲᠦᠭ,表示 再次
ᠠ,表示 意图
ᠤ,表示 特征
ᠡᠬ,表示 一些
ᠡᠽᠡ,表示 反复
ᠡᠷᠡᠯ,表示 关联于
ᠡᠮ,表示 描述
ᠨ,表示 能够
ᠡᠰᠠᠳ,表示 学校
ᠡᠲᠡᠢᠢᠨ,表示 同样
ᠷ,表示 行为
ᠪ,表示 再
ᠽᠢᠨ,表示 年轻
ᠷ,表示 我的
ᠤᠰᠢ,表示 在一起
ᠴ,表示 不停
ᠳ,表示 某地
ᠡᠷᠠᠳ,表示 一样
ᠳᠠᠷ,表示 以便
ᠡᠶᠢ,表示 管理
ᠨ,表示 发展
ᠭ,表示 爱
ᠢᠨ,表示 喜欢
ᠯᠦ,表示 谁
ᠢ,表示 方法
ᠯᠦᠭ,表示 特性
ᠡ,表示 了解
ᠠ,表示 同样
ᠡᠯᠦᠳ,表示 了解
ᠶ,表示 附近
ᠡᠭ,表示 位置
ᠡᠭᠦ,表示 寻找
ᠡᠯ,表示 持续
ᠬ,表示 语言
ᠠᠷᠲ,表示 目标
ᠶᠠ,表示 每个
ᠤ,表示 区域
ᠦ,表示 的
ᠢ,表示 关联的
ᠤ,表示 考虑
ᠳᠡᠯᠢ,表示 寻找
ᠨ,表示 儿子
ᠳᠦ,表示 一起
ᠢ,表示 理解
ᠷᠢ,表示 状况
ᠦ,表示 食物
ᠭᠤ,表示 工作
ᠨᠡ,表示 打算
ᠴᠢᠢ,表示 明白
ᠡ,表示 后代
ᠯ,表示 常常
ᠡᠳᠦ,表示 和
ᠠ,表示 能够
ᠭᠡᠳᠡ,表示 不可能
ᠡ,表示 运用
ᠳ,表示 精通
ᠯ,表示 年轻的
ᠷᠢ,表示 样子
ᠢ,表示 爱
ᠷ,表示 行为
ᠡ,表示 自己
ᠡ,表示 有人
ᠲᠦ,表示 特定种类的
ᠢ,表示 离开
ᠦᠰ,表示 食物
ᠡᠴᠢ,表示 有颜色的
ᠳᠡᠯᠡ,表示 像
ᠦ,表示 继续
ᠴ,表示 参与
ᠷ,表示 有很多的
ᠥ,表示 许多
ᠡ,表示 经历
ᠢᠢ,表示 经历
ᠷ,表示 去
ᠦᠨ,表示 年轻的
ᠭᠡᠨ,表示 多次
ᠪ,表示 地方
ᠴ,表示 的人
ᠤᠷᠦ,表示 学院
ᠡᠲ,表示 拥有的
ᠷ,表示 学院
ᠡ,表示 外观
ᠮᠦ,表示 有很多的
ᠭ,表示 多
ᠠ,表示 出生于
ᠢ,表示 熟练
ᠥᠢ,表示 同样
ᠯᠡ,表示 在意
ᠨ,表示 农场
ᠬ,表示 有
ᠤ,表示 充溢
ᠯᠴ,表示 子女
ᠢᠢ,表示 因为
ᠭᠡᠳ,表示 言语
ᠷᠠ,表示 相对于
ᠦᠢᠤᠤ,表示 特性
ᠡ,表示 发现
ᠣᠯ,表示 心情
ᠯ,表示 工作
ᠠ,表示 发展
ᠠᠷ,表示 具有特定特征的
ᠤ,表示 离开
ᠥ,表示 展现
ᠥᠷᠡᠭᠡᠲ,表示 精通
ᠡ,表示 时间
ᠷ,表示 一样的
ᠯ,表示 使用
ᠠᠶ,表示 处理
ᠡ,表示 有人
ᠷᠤᠳ,表示 去
ᠨ,表示 传说
ᠡᠳᠡ,表示 未来
ᠠ,表示 职业
ᠤ,表示 富含
ᠤ,表示 来自
ᠲᠠ,表示 时刻
ᠳᠤ,表示 性质
ᠳᠦᠷ,表示 子女
ᠡ,表示 喜欢
ᠥ,表示 有关
ᠡ,表示 可
ᠦ,表示 学习
ᠠᠯᠠᠢ,表示 性别
ᠦ,表示 产生
ᠦ,表示 熟练
ᠠ,表示 比较
ᠦᠢᠨ,表示 给
ᠦ,表示 一点点
ᠡ,表示 行动
ᠠᠯ,表示 反复
ᠠ,表示 地区
ᠡᠳ,表示 拥有的
ᠦ,表示 思考
ᠡ,表示 饮食
ᠡ,表示 带来
ᠡ,表示 经历
ᠦ,表示 负责
ᠲᠤ,表示 周围
ᠡ,表示 某地
ᠡᠯᠡ,表示 学院
ᠦ,表示 几个
ᠢ,表示 目标
ᠡ,表示 急促
ᠨ,表示 居民
ᠡ,表示 农场
ᠷᠡ,表示 因为
ᠬ,表示 所有
ᠡ,表示 地方
ᠯ,表示 行家
ᠢᠨ,表示 农村地区
ᠢᠶᠡᠷᠡ,表示 丰富
ᠴᠡ,表示 周围
ᠡ,表示 工具
ᠣᠨᠴᠢ,表示 一样的
ᠤᠨ,表示 解释
ᠷ,表示 性质
ᠳ,表示 的人
ᠢ,表示 言语
ᠠ,表示 为了
ᠷ,表示 惯于
ᠦᠰ,表示 家庭
ᠳᠦᠬ,表示 在一起
ᠭᠡᠢ,表示 比较
ᠦ,表示 时刻
ᠷ,表示 离开
ᠢ,表示 有可能
ᠡᠷᠢ,表示 学校
ᠡ,表示 特征
ᠢᠲᠦ,表示 再次
ᠡ,表示 足够的
ᠨ,表示 类似于
ᠶᠢ,表示 性格
ᠡᠳᠡᠨ,表示 试图
ᠢ,表示 在意
ᠷ,表示 学习
ᠬᠢ,表示 意图
ᠷᠢᠶᠠᠲᠦ,表示 彼此
ᠰ,表示 急促
ᠡ,表示 每一
ᠠᠷᠢᠲᠦ,表示 每一
ᠡᠰ,表示 相对于
ᠡ,表示 富有
ᠦ,表示 领土
ᠡᠳᠦᠭᠡᠨ,表示 因为
ᠠᠭ,表示 场所
ᠣᠳᠣ,表示 追求
ᠭᠦᠭ,表示 的人
ᠷ,表示 情况
ᠡ,表示 相对于
ᠲᠦᠷ,表示 地点
ᠡᠬ,表示 喜欢
ᠡ,表示 自己
ᠡ,表示 可能的
ᠢ,表示 产生
ᠢᠷᠡᠬᠡᠢ,表示 行为
ᠡᠴᠡᠷᠡᠢ,表示 控制
ᠶᠠ,表示 农场
ᠷᠠᠳᠦᠲᠡᠷ,表示 一种类型的
ᠠ,表示 充溢
ᠯᠢᠢᠲᠡ,表示 曾经
ᠪ,表示 有意图
ᠣ,表示 曾经
ᠡᠳ,表示 类似
ᠡ,表示 目的
ᠪᠡᠭᠡ,表示 周围
ᠤ,表示 所有
ᠡᠢ,表示 样子
ᠬ,表示 掌握
ᠢᠷᠡ,表示 经常
ᠡᠷ,表示 性别
ᠲᠦ,表示 场所
ᠲᠦ,表示 被
ᠦᠲ,表示 发现
ᠡᠬᠡᠷᠢᠢᠲᠡ,表示 活动
ᠡ,表示 目标
ᠲ,表示 每
ᠢ,表示 已经
ᠠ,表示 描述
ᠡᠦᠡ,表示 地点
ᠷ,表示 连续
ᠲᠦᠲ,表示 学校
ᠳ,表示 能力
ᠠ,表示 外观
ᠲ,表示 常常
ᠦ,表示 谈论
ᠷᠡᠬᠡᠯᠡᠬ,表示 又
ᠡ,表示 年轻
ᠰ,表示 考虑
ᠤ,表示 有意图
ᠯ,表示 一样
ᠢ,表示 发现
ᠨ,表示 再次
ᠡᠰᠠ,表示 不停
ᠣᠷ,表示 使用
ᠴᠡᠷ,表示 了解
ᠡ,表示 再
ᠷᠡᠬᠤ,表示 惯于
ᠡᠨᠡᠢ,表示 丰富
ᠡ,表示 被
ᠢᠳᠦᠯ,表示 友谊
ᠢᠷᠡ,表示 打算
ᠴ,表示 类似于
ᠷᠡ,表示 离开
ᠠ,表示 也
ᠠᠷᠠᠰ,表示 发现
ᠲᠡ,表示 居住地
ᠤᠲ,表示 未来
ᠣ,表示 一样的
ᠤᠤ,表示 状态
ᠭ,表示 年轻的
ᠡ,表示 有人
ᠷ,表示 富有
ᠮᠡᠭ,表示 饭菜
ᠠ,表示 以便
ᠰᠠᠳ,表示 目的地
ᠡᠲᠡ,表示 引起
ᠡᠷ,表示 同样
ᠠ,表示 无法
ᠢ,表示 比较
ᠡᠷ,表示 持有
ᠤ,表示 行家
ᠠᠴ,表示 时间
ᠡᠷᠤᠨ,表示 和
ᠭ,表示 惯于
ᠡ,表示 行家
ᠣᠨ,表示 同样
ᠤᠮ,表示 可能性
ᠤᠭ,表示 没有
ᠡᠮᠦᠷ,表示 参与
ᠯᠢ,表示 自己
ᠷᠢ,表示 遭受
ᠤ,表示 考虑
ᠭ,表示 一样的
ᠡᠶᠦ,表示 容易
ᠳᠡᠭᠦᠷ,表示 在意
ᠥᠨ,表示 以便
ᠴᠢᠭᠦᠢ,表示 远离
ᠥᠤᠯ,表示 遭受
ᠡᠳᠡᠯ,表示 一样的
ᠡ,表示 的
ᠢᠳ,表示 具备
ᠥ,表示 职业
ᠯᠲᠠ,表示 取得
ᠨ,表示 不停
ᠢᠰ,表示 反复
ᠣᠷᠤ,表示 居民
ᠡᠭᠡᠷ,表示 有很多的
ᠣᠯᠢᠶ,表示 容易
ᠦᠬ,表示 工作
ᠡᠭ,表示 居住地
ᠯᠡᠭ,表示 周围
ᠣᠮᠣ,表示 管理
ᠳᠡ,表示 工作
ᠡᠴᠡ,表示 多个
ᠯᠲ,表示 有
ᠡ,表示 目的
ᠡᠲᠦᠭ,表示 学习
ᠠᠷ,表示 聚会
ᠤ,表示 场所
ᠬᠡᠭ,表示 为了
ᠽᠡ,表示 具有
ᠯ,表示 集合
ᠡ,表示 也
ᠣᠨᠠ,表示 附近
ᠰᠠᠳ,表示 每一
ᠲᠡᠢ,表示 关联
ᠳᠡᠷ,表示 包括
ᠤ,表示 频繁
ᠡᠽᠢ,表示 关系
ᠡᠷᠢ,表示 阶段
ᠤ,表示 方向
ᠠᠴᠤᠯ,表示 个性
ᠳᠡᠷᠤᠨ,表示 行动
ᠷᠠᠳ,表示 容易做
ᠠ,表示 农场
ᠡᠶᠢ,表示 像
ᠨ,表示 为
ᠡᠳ,表示 食物
ᠡᠷᠢᠨ,表示 某地
ᠡᠯᠦ,表示 目的
ᠢ,表示 性格
ᠢᠯᠦᠭ,表示 样子
ᠯ,表示 可能性
ᠳᠡ,表示 寻找
ᠯ,表示 友谊
ᠶᠢᠨ,表示 地区
ᠢᠳ,表示 爱
ᠳᠡᠭᠦᠢ,表示 十分
ᠯᠡ,表示 亲自
ᠡᠬᠢ,表示 有居民
ᠷ,表示 具有
ᠠᠶᠠᠳ,表示 去
ᠡᠭᠤᠯ,表示 彼此
ᠷᠦᠯ,表示 部分
ᠬᠡ,表示 丰富
ᠠ,表示 发展
ᠯ,表示 相对于
ᠤᠨ,表示 希望
ᠡᠳ,表示 外观
ᠤᠰ,表示 附近
ᠷᠢᠶᠡᠯ,表示 多
ᠦᠦ,表示 聚会
ᠭᠤ,表示 连续
ᠦᠨᠡᠢ᠂,表示 解决
ᠤᠴᠢᠢᠯ,表示 持有
ᠡᠬᠢᠳᠡᠯ,表示 地区
ᠤᠨᠡ,表示 给
ᠡᠮᠡᠳᠦᠷ,表示 样子
ᠲᠠᠯ,表示 一点点
ᠡᠳᠡᠨ,表示 在意
ᠡᠯᠡᠷ,表示 连续
ᠳᠦ,表示 熟悉
ᠡᠳ,表示 样子
ᠠᠷᠢ,表示 拥有
ᠢᠨ,表示 打算
ᠷ,表示 谁
ᠡ,表示 数量
ᠡᠢᠢᠷ,表示 谁
ᠦ,表示 位置
ᠢ,表示 自己
ᠡᠷ,表示 可
ᠡᠴ,表示 行动
ᠡᠳ,表示 因为
ᠣᠲᠦᠰ,表示 行家
ᠦᠴ,表示 在意
ᠡᠪᠦ,表示 一起
ᠥᠷ,表示 动作
ᠡᠭᠡ,表示 曾经
ᠶᠢᠢ,表示 附近
ᠤᠯ,表示 富有
ᠦᠨ,表示 没有
ᠢᠭ,表示 专家
ᠢ,表示 样子
ᠡᠴ,表示 器具
ᠦ,表示 讨论
ᠷ,表示 物体
ᠡ,表示 频繁
ᠰᠡᠭᠡᠳᠡᠲ,表示 无法
ᠡᠮᠦᠷ,表示 经历
ᠴᠡᠭᠦᠷ,表示 多次
ᠪ,表示 颜色
ᠡᠢ,表示 聚会
ᠥᠢᠶᠠ,表示 类似于
ᠢᠯ,表示 年轻
ᠤ,表示 控制
ᠤᠬᠠᠨ,表示 和
ᠤᠨᠦ,表示 精通
ᠯ,表示 解决
ᠢ,表示 每
ᠭᠡᠳ,表示 农村地区
ᠠᠭᠡᠮ,表示 有可能
ᠢ,表示 心情
ᠡ,表示 性质
ᠯᠣᠭ,表示 可能的
ᠡᠯ,表示 拥有
ᠷᠢᠨ,表示 运用
ᠲᠠᠮᠠᠷ,表示 重复
ᠠᠷ,表示 经历
ᠥᠪ,表示 食物
ᠷᠡᠭᠡ,表示 所属
ᠳᠡ,表示 谁
ᠤᠷ,表示 负责
ᠤᠯᠢ,表示 产生
ᠠᠶ,表示 经历
ᠡᠭᠦᠭᠡ,表示 性格
ᠡᠷᠤᠳᠡᠨ,表示 寻找
ᠢᠨ,表示 有颜色的
ᠳᠡᠯᠡᠯ,表示 继续
ᠷ,表示 包含
ᠤ,表示 农场
ᠡᠳᠤ,表示 形状
ᠡᠲᠠ,表示 以前
ᠡᠨᠡᠳᠤ,表示 饭菜
ᠭᠡᠳᠦᠷ,表示 阐述
ᠡᠭ,表示 在一起
ᠥᠯᠦ,表示 来自
ᠡᠭᠡᠳᠤ᠂,表示 愿望
ᠦ,表示 后代
ᠯᠠ,表示 的地方
ᠦᠨ,表示 自己
ᠡᠰᠦ,表示 强烈
ᠠ,表示 因为
ᠦ,表示 使用
ᠨ,表示 参加
ᠡᠢᠲ,表示 充满
ᠠ,表示 表现
ᠠᠷ,表示 特定种类的
ᠷᠡᠳᠡᠷ,表示 活动
ᠡᠳᠦ,表示 丰富
ᠷ,表示 范围
ᠡᠽᠡᠮ,表示 地点
ᠡ,表示 时间段
ᠦᠳᠤ,表示 思考
ᠢᠲᠤᠳᠤᠮ,表示 饭菜
ᠶᠢ,表示 爱
ᠭᠡᠢ,表示 时间段
ᠭ,表示 传说
ᠣᠢ,表示 解决
ᠡᠯᠡᠬ,表示 区域
ᠨ,表示 给
ᠡᠷᠡᠷ,表示 工具
ᠡᠳᠡᠷᠡ,表示 有意图
ᠭ,表示 个性
ᠡᠬᠡᠷ,表示 言语
ᠠᠯᠢᠳᠠᠢ,表示 富有
ᠢᠨ,表示 经历
ᠶᠡᠷᠡᠯ,表示 行家
ᠴ,表示 年轻的
ᠨ,表示 参与
ᠨᠴᠢ,表示 传说
ᠦᠤᠨ,表示 有意图
ᠷᠤᠯ,表示 时间段
ᠡᠷᠢᠳᠡᠨ,表示 包括
ᠣ,表示 多
ᠠᠷᠠᠢ,表示 关于
ᠷᠡᠯ,表示 有意图
ᠰ,表示 多个
ᠳᠦ,表示 彼此
ᠢᠦᠲᠦᠭᠡᠢ,表示 在意
ᠦᠲ,表示 包括
ᠷᠡᠷ,表示 专家
ᠢ,表示 颜色
ᠬ,表示 家族
ᠡᠴᠡ,表示 无法
ᠲᠦᠷ,表示 阐述
ᠰᠢ,表示 谈论
ᠠᠷᠤᠳᠤᠨ,表示 快速
ᠡᠶ,表示 多个
ᠳᠡᠨ,表示 特定种类的
ᠡᠯ,表示 处理
ᠤᠳᠤᠷ,表示 子女
ᠢᠬᠢ,表示 有居民
ᠠᠷᠢᠶᠠᠲᠦᠷ,表示 尝试
ᠡᠰᠠᠢ,表示 远离
ᠢ,表示 展现
ᠷᠢᠲᠦᠷ,表示 类似于
ᠷᠢᠳᠡ,表示 子女
ᠡᠷᠡᠢᠬᠡᠯ,表示 和
ᠦᠭᠦᠨ,表示 有人
ᠭᠡᠨ,表示 多个
ᠠᠭ,表示 个性
ᠳᠣᠪ,表示 具备
ᠡᠭᠦᠭᠡ,表示 自己
ᠷ,表示 习惯于
ᠡᠮᠡᠴ,表示 食物
ᠡᠲᠦ,表示 加入
ᠷᠡᠬ,表示 之一
ᠳᠡᠨᠡᠢ,表示 足够的
ᠢᠨᠡ,表示 有关
ᠯ,表示 产生
ᠠᠢᠷᠡᠬᠡᠢ,表示 一些
ᠴ,表示 的
ᠶᠠᠢ,表示 特定种类的
ᠢᠷᠠᠳᠦᠲᠡᠷ,表示 一些
ᠠ,表示 富有
ᠢᠷᠡᠬᠡᠯᠢ,表示 思考
ᠪᠦᠳ,表示 习惯于
ᠪᠣ,表示 动作
ᠡ,表示 后代
ᠤᠲᠡ,表示 儿子
ᠡᠢ,表示 喜欢
ᠢᠷᠡ,表示 谈论
ᠪᠡᠷᠡᠢ,表示 控制
ᠡᠬᠡᠢ,表示 自己
ᠷᠡᠬᠡᠯᠢ,表示 产生
ᠡᠷ,表示 容易
ᠠᠷᠢᠢᠲᠦᠷ,表示 年轻
ᠶᠠᠲᠦ,表示 的人
ᠢ,表示 出生于
ᠬᠡᠷᠢᠢᠲᠡᠦ,表示 再
ᠲᠦᠲ,表示 区域
ᠢᠷᠡᠲᠡ,表示 理解
ᠭᠦᠤᠳᠡᠢ,表示 性质
ᠷᠤᠤᠲᠡᠦ,表示 追求
ᠡᠦᠡᠳ,表示 掌握
ᠡᠶᠡᠷᠡᠢ,表示 不可能
ᠠᠲᠦᠲᠡᠷ,表示 语言
ᠡ,表示 展现
ᠠᠢ,表示 急促
ᠦᠲᠡᠷ,表示 方向
ᠲᠦ,表示 性质
ᠢᠷᠡᠬᠡᠯᠡᠬ,表示 每一
ᠪᠡᠷᠡᠭᠡ,表示 去
ᠤᠰᠤ,表示 状态
ᠳ,表示 特定的
ᠮ,表示 又
ᠡ,表示 再次
ᠥᠨ,表示 性质
ᠡᠰᠠᠭᠤ,表示 行家
ᠷᠢᠷ,表示 获得
ᠡᠮᠡᠴᠡ,表示 经历
ᠲ,表示 过去
ᠷᠡᠬ,表示 惯于
ᠡᠳᠡᠨᠡᠢ,表示 工作
ᠢᠨᠡ,表示 每
ᠢᠳᠦᠯ,表示 的地方
ᠢᠷᠡᠬᠡ,表示 感觉
ᠡᠴᠡᠷᠡᠢ,表示 再
ᠯ,表示 学习
ᠦ,表示 相似
ᠠᠷᠠᠰ,表示 远离
ᠬᠡᠯ,表示 又
ᠪᠦᠳᠤᠲᠦ,表示 连续
ᠣᠲᠣᠷ,表示 数量
ᠤᠢ,表示 所有
ᠬ,表示 农场
ᠡᠽᠡᠯ,表示 常常
ᠡ,表示 儿子
ᠡᠮᠡᠭ,表示 故事
ᠨ,表示 涉及
ᠡᠰ,表示 故事
ᠡᠢᠢ,表示 打算
ᠳᠡ,表示 的
ᠪᠠᠭᠤ,表示 亲自
ᠢᠨ,表示 传说
ᠡᠷ,表示 颜色
ᠤᠰᠢ,表示 有很多的
ᠤᠯ,表示 像
ᠡᠷ,表示 关联